file,line,type,commit,author,date,time,timezone,datetime,depth,length
style.css,1,css,2c2a8705,auchung,2025-10-08,13:54:51,-07:00,2025-10-08T13:54:51-07:00,0,5
style.css,2,css,2c2a8705,auchung,2025-10-08,13:54:51,-07:00,2025-10-08T13:54:51-07:00,1,70
style.css,3,css,2c2a8705,auchung,2025-10-08,13:54:51,-07:00,2025-10-08T13:54:51-07:00,0,0
style.css,4,css,2c2a8705,auchung,2025-10-08,13:54:51,-07:00,2025-10-08T13:54:51-07:00,0,0
style.css,5,css,2c2a8705,auchung,2025-10-08,13:54:51,-07:00,2025-10-08T13:54:51-07:00,0,4
style.css,6,css,8d69c196,auchung,2025-10-16,10:32:59,-07:00,2025-10-16T10:32:59-07:00,1,23
style.css,7,css,2c2a8705,auchung,2025-10-08,13:54:51,-07:00,2025-10-08T13:54:51-07:00,1,32
style.css,8,css,2c2a8705,auchung,2025-10-08,13:54:51,-07:00,2025-10-08T13:54:51-07:00,0,0
style.css,9,css,2c2a8705,auchung,2025-10-08,13:54:51,-07:00,2025-10-08T13:54:51-07:00,0,0
style.css,10,css,cc7be866,auchung,2025-10-01,14:23:10,-07:00,2025-10-01T14:23:10-07:00,0,4
style.css,11,css,cc7be866,auchung,2025-10-01,14:23:10,-07:00,2025-10-01T14:23:10-07:00,2,43
style.css,12,css,cc7be866,auchung,2025-10-01,14:23:10,-07:00,2025-10-01T14:23:10-07:00,4,42
style.css,13,css,cc7be866,auchung,2025-10-01,14:23:10,-07:00,2025-10-01T14:23:10-07:00,3,0
style.css,14,css,cc7be866,auchung,2025-10-01,14:23:10,-07:00,2025-10-01T14:23:10-07:00,2,23
style.css,15,css,60421b92,auchung,2025-10-08,21:19:09,-07:00,2025-10-08T21:19:09-07:00,2,14
style.css,16,css,8d69c196,auchung,2025-10-16,10:32:59,-07:00,2025-10-16T10:32:59-07:00,2,18
style.css,17,css,dbf2ce87,auchung,2025-10-08,13:30:59,-07:00,2025-10-08T13:30:59-07:00,2,11
style.css,18,css,60421b92,auchung,2025-10-08,21:19:09,-07:00,2025-10-08T21:19:09-07:00,2,23
style.css,19,css,d72b2873,auchung,2025-10-08,13:38:47,-07:00,2025-10-08T13:38:47-07:00,1,0
style.css,20,css,d72b2873,auchung,2025-10-08,13:38:47,-07:00,2025-10-08T13:38:47-07:00,0,0
style.css,21,css,a1b77e4f,auchung,2025-10-09,13:05:06,-07:00,2025-10-09T13:05:06-07:00,0,0
style.css,22,css,c285e909,auchung,2025-10-09,13:23:15,-07:00,2025-10-09T13:23:15-07:00,0,8
style.css,23,css,f5222255,auchung,2025-10-09,13:32:49,-07:00,2025-10-09T13:32:49-07:00,0,9
style.css,24,css,c285e909,auchung,2025-10-09,13:23:15,-07:00,2025-10-09T13:23:15-07:00,2,12
style.css,25,css,c285e909,auchung,2025-10-09,13:23:15,-07:00,2025-10-09T13:23:15-07:00,2,21
style.css,26,css,c285e909,auchung,2025-10-09,13:23:15,-07:00,2025-10-09T13:23:15-07:00,2,18
style.css,27,css,c285e909,auchung,2025-10-09,13:23:15,-07:00,2025-10-09T13:23:15-07:00,2,22
style.css,28,css,8d69c196,auchung,2025-10-16,10:32:59,-07:00,2025-10-16T10:32:59-07:00,2,15
style.css,29,css,8d69c196,auchung,2025-10-16,10:32:59,-07:00,2025-10-16T10:32:59-07:00,2,17
style.css,30,css,c285e909,auchung,2025-10-09,13:23:15,-07:00,2025-10-09T13:23:15-07:00,2,13
style.css,31,css,8d69c196,auchung,2025-10-16,10:32:59,-07:00,2025-10-16T10:32:59-07:00,2,15
style.css,32,css,c285e909,auchung,2025-10-09,13:23:15,-07:00,2025-10-09T13:23:15-07:00,1,0
style.css,33,css,25ff2415,auchung,2025-10-09,13:43:33,-07:00,2025-10-09T13:43:33-07:00,1,0
style.css,34,css,25ff2415,auchung,2025-10-09,13:43:33,-07:00,2025-10-09T13:43:33-07:00,1,9
style.css,35,css,8d69c196,auchung,2025-10-16,10:32:59,-07:00,2025-10-16T10:32:59-07:00,2,14
style.css,36,css,8d69c196,auchung,2025-10-16,10:32:59,-07:00,2025-10-16T10:32:59-07:00,2,11
style.css,37,css,8d69c196,auchung,2025-10-16,10:32:59,-07:00,2025-10-16T10:32:59-07:00,2,13
style.css,38,css,8d69c196,auchung,2025-10-16,10:32:59,-07:00,2025-10-16T10:32:59-07:00,2,15
style.css,39,css,25ff2415,auchung,2025-10-09,13:43:33,-07:00,2025-10-09T13:43:33-07:00,0,0
style.css,40,css,f5222255,auchung,2025-10-09,13:32:49,-07:00,2025-10-09T13:32:49-07:00,0,0
style.css,41,css,ad827e93,auchung,2025-10-09,12:59:35,-07:00,2025-10-09T12:59:35-07:00,0,13
style.css,42,css,d72b2873,auchung,2025-10-08,13:38:47,-07:00,2025-10-08T13:38:47-07:00,1,5
style.css,43,css,d72b2873,auchung,2025-10-08,13:38:47,-07:00,2025-10-08T13:38:47-07:00,1,6
style.css,44,css,8d69c196,auchung,2025-10-16,10:32:59,-07:00,2025-10-16T10:32:59-07:00,2,16
style.css,45,css,8d69c196,auchung,2025-10-16,10:32:59,-07:00,2025-10-16T10:32:59-07:00,2,8
style.css,46,css,8d69c196,auchung,2025-10-16,10:32:59,-07:00,2025-10-16T10:32:59-07:00,2,9
style.css,47,css,feaf608d,auchung,2025-10-08,13:45:47,-07:00,2025-10-08T13:45:47-07:00,1,0
style.css,48,css,feaf608d,auchung,2025-10-08,13:45:47,-07:00,2025-10-08T13:45:47-07:00,0,0
style.css,49,css,feaf608d,auchung,2025-10-08,13:45:47,-07:00,2025-10-08T13:45:47-07:00,1,3
style.css,50,css,8d69c196,auchung,2025-10-16,10:32:59,-07:00,2025-10-16T10:32:59-07:00,2,12
style.css,51,css,8d69c196,auchung,2025-10-16,10:32:59,-07:00,2025-10-16T10:32:59-07:00,2,17
style.css,52,css,8d69c196,auchung,2025-10-16,10:32:59,-07:00,2025-10-16T10:32:59-07:00,2,41
style.css,53,css,8d69c196,auchung,2025-10-16,10:32:59,-07:00,2025-10-16T10:32:59-07:00,2,39
style.css,54,css,feaf608d,auchung,2025-10-08,13:45:47,-07:00,2025-10-08T13:45:47-07:00,1,0
style.css,55,css,feaf608d,auchung,2025-10-08,13:45:47,-07:00,2025-10-08T13:45:47-07:00,0,0
style.css,56,css,feaf608d,auchung,2025-10-08,13:45:47,-07:00,2025-10-08T13:45:47-07:00,1,5
style.css,57,css,49899ac5,auchung,2025-10-08,14:26:46,-07:00,2025-10-08T14:26:46-07:00,2,6
style.css,58,css,feaf608d,auchung,2025-10-08,13:45:47,-07:00,2025-10-08T13:45:47-07:00,2,20
style.css,59,css,54f58326,auchung,2025-10-08,13:59:55,-07:00,2025-10-08T13:59:55-07:00,2,13
style.css,60,css,49899ac5,auchung,2025-10-08,14:26:46,-07:00,2025-10-08T14:26:46-07:00,2,17
style.css,61,css,49899ac5,auchung,2025-10-08,14:26:46,-07:00,2025-10-08T14:26:46-07:00,2,13
style.css,62,css,49899ac5,auchung,2025-10-08,14:26:46,-07:00,2025-10-08T14:26:46-07:00,2,13
style.css,63,css,54f58326,auchung,2025-10-08,13:59:55,-07:00,2025-10-08T13:59:55-07:00,2,37
style.css,64,css,feaf608d,auchung,2025-10-08,13:45:47,-07:00,2025-10-08T13:45:47-07:00,1,0
style.css,65,css,feaf608d,auchung,2025-10-08,13:45:47,-07:00,2025-10-08T13:45:47-07:00,1,0
style.css,66,css,feaf608d,auchung,2025-10-08,13:45:47,-07:00,2025-10-08T13:45:47-07:00,1,13
style.css,67,css,81532aa5,auchung,2025-10-08,14:30:48,-07:00,2025-10-08T14:30:48-07:00,2,43
style.css,68,css,54f58326,auchung,2025-10-08,13:59:55,-07:00,2025-10-08T13:59:55-07:00,2,20
style.css,69,css,feaf608d,auchung,2025-10-08,13:45:47,-07:00,2025-10-08T13:45:47-07:00,1,0
style.css,70,css,feaf608d,auchung,2025-10-08,13:45:47,-07:00,2025-10-08T13:45:47-07:00,1,0
style.css,71,css,feaf608d,auchung,2025-10-08,13:45:47,-07:00,2025-10-08T13:45:47-07:00,1,11
style.css,72,css,54f58326,auchung,2025-10-08,13:59:55,-07:00,2025-10-08T13:59:55-07:00,2,39
style.css,73,css,8d69c196,auchung,2025-10-16,10:32:59,-07:00,2025-10-16T10:32:59-07:00,2,69
style.css,74,css,49899ac5,auchung,2025-10-08,14:26:46,-07:00,2025-10-08T14:26:46-07:00,1,0
style.css,75,css,49899ac5,auchung,2025-10-08,14:26:46,-07:00,2025-10-08T14:26:46-07:00,0,0
style.css,76,css,e3b07e1c,auchung,2025-10-08,14:28:09,-07:00,2025-10-08T14:28:09-07:00,1,23
style.css,77,css,8d69c196,auchung,2025-10-16,10:32:59,-07:00,2025-10-16T10:32:59-07:00,2,12
style.css,78,css,e3b07e1c,auchung,2025-10-08,14:28:09,-07:00,2025-10-08T14:28:09-07:00,1,0
style.css,79,css,e3b07e1c,auchung,2025-10-08,14:28:09,-07:00,2025-10-08T14:28:09-07:00,0,0
style.css,80,css,8d69c196,auchung,2025-10-16,10:32:59,-07:00,2025-10-16T10:32:59-07:00,0,16
style.css,81,css,8d69c196,auchung,2025-10-16,10:32:59,-07:00,2025-10-16T10:32:59-07:00,1,13
style.css,82,css,8d69c196,auchung,2025-10-16,10:32:59,-07:00,2025-10-16T10:32:59-07:00,2,17
style.css,83,css,8d69c196,auchung,2025-10-16,10:32:59,-07:00,2025-10-16T10:32:59-07:00,2,8
style.css,84,css,8d69c196,auchung,2025-10-16,10:32:59,-07:00,2025-10-16T10:32:59-07:00,2,10
style.css,85,css,8d69c196,auchung,2025-10-16,10:32:59,-07:00,2025-10-16T10:32:59-07:00,2,13
style.css,86,css,8d69c196,auchung,2025-10-16,10:32:59,-07:00,2025-10-16T10:32:59-07:00,2,19
style.css,87,css,8d69c196,auchung,2025-10-16,10:32:59,-07:00,2025-10-16T10:32:59-07:00,2,12
style.css,88,css,8d69c196,auchung,2025-10-16,10:32:59,-07:00,2025-10-16T10:32:59-07:00,2,18
style.css,89,css,8d69c196,auchung,2025-10-16,10:32:59,-07:00,2025-10-16T10:32:59-07:00,2,11
style.css,90,css,8d69c196,auchung,2025-10-16,10:32:59,-07:00,2025-10-16T10:32:59-07:00,1,0
style.css,91,css,8d69c196,auchung,2025-10-16,10:32:59,-07:00,2025-10-16T10:32:59-07:00,1,0
style.css,92,css,8d69c196,auchung,2025-10-16,10:32:59,-07:00,2025-10-16T10:32:59-07:00,1,20
style.css,93,css,8d69c196,auchung,2025-10-16,10:32:59,-07:00,2025-10-16T10:32:59-07:00,2,19
style.css,94,css,8d69c196,auchung,2025-10-16,10:32:59,-07:00,2025-10-16T10:32:59-07:00,2,14
style.css,95,css,8d69c196,auchung,2025-10-16,10:32:59,-07:00,2025-10-16T10:32:59-07:00,1,0
style.css,96,css,ad827e93,auchung,2025-10-09,12:59:35,-07:00,2025-10-09T12:59:35-07:00,0,0
style.css,97,css,ad827e93,auchung,2025-10-09,12:59:35,-07:00,2025-10-09T12:59:35-07:00,1,16
style.css,98,css,d1aba9b1,auchung,2025-10-08,20:43:16,-07:00,2025-10-08T20:43:16-07:00,1,4
style.css,99,css,d1aba9b1,auchung,2025-10-08,20:43:16,-07:00,2025-10-08T20:43:16-07:00,2,12
style.css,100,css,8d69c196,auchung,2025-10-16,10:32:59,-07:00,2025-10-16T10:32:59-07:00,2,37
style.css,101,css,8d69c196,auchung,2025-10-16,10:32:59,-07:00,2025-10-16T10:32:59-07:00,2,11
style.css,102,css,8d69c196,auchung,2025-10-16,10:32:59,-07:00,2025-10-16T10:32:59-07:00,2,18
style.css,103,css,d1aba9b1,auchung,2025-10-08,20:43:16,-07:00,2025-10-08T20:43:16-07:00,1,0
style.css,104,css,d1aba9b1,auchung,2025-10-08,20:43:16,-07:00,2025-10-08T20:43:16-07:00,1,0
style.css,105,css,d1aba9b1,auchung,2025-10-08,20:43:16,-07:00,2025-10-08T20:43:16-07:00,1,10
style.css,106,css,8d69c196,auchung,2025-10-16,10:32:59,-07:00,2025-10-16T10:32:59-07:00,2,16
style.css,107,css,d1aba9b1,auchung,2025-10-08,20:43:16,-07:00,2025-10-08T20:43:16-07:00,1,0
style.css,108,css,d1aba9b1,auchung,2025-10-08,20:43:16,-07:00,2025-10-08T20:43:16-07:00,1,0
style.css,109,css,d1aba9b1,auchung,2025-10-08,20:43:16,-07:00,2025-10-08T20:43:16-07:00,1,9
style.css,110,css,d1aba9b1,auchung,2025-10-08,20:43:16,-07:00,2025-10-08T20:43:16-07:00,1,13
style.css,111,css,0e6b9350,auchung,2025-10-09,13:06:48,-07:00,2025-10-09T13:06:48-07:00,2,13
style.css,112,css,0e6b9350,auchung,2025-10-09,13:06:48,-07:00,2025-10-09T13:06:48-07:00,2,10
style.css,113,css,06e08a08,auchung,2025-10-09,13:08:02,-07:00,2025-10-09T13:08:02-07:00,2,22
style.css,114,css,0e6b9350,auchung,2025-10-09,13:06:48,-07:00,2025-10-09T13:06:48-07:00,2,21
style.css,115,css,8d69c196,auchung,2025-10-16,10:32:59,-07:00,2025-10-16T10:32:59-07:00,2,12
style.css,116,css,d1aba9b1,auchung,2025-10-08,20:43:16,-07:00,2025-10-08T20:43:16-07:00,1,0
style.css,117,css,ad827e93,auchung,2025-10-09,12:59:35,-07:00,2025-10-09T12:59:35-07:00,0,0
style.css,118,css,ad827e93,auchung,2025-10-09,12:59:35,-07:00,2025-10-09T12:59:35-07:00,1,10
style.css,119,css,8d69c196,auchung,2025-10-16,10:32:59,-07:00,2025-10-16T10:32:59-07:00,2,18
style.css,120,css,ad827e93,auchung,2025-10-09,12:59:35,-07:00,2025-10-09T12:59:35-07:00,1,0
style.css,121,css,d1aba9b1,auchung,2025-10-08,20:43:16,-07:00,2025-10-08T20:43:16-07:00,1,0
style.css,122,css,d1aba9b1,auchung,2025-10-08,20:43:16,-07:00,2025-10-08T20:43:16-07:00,1,11
style.css,123,css,8d69c196,auchung,2025-10-16,10:32:59,-07:00,2025-10-16T10:32:59-07:00,2,18
style.css,124,css,ad827e93,auchung,2025-10-09,12:59:35,-07:00,2025-10-09T12:59:35-07:00,2,15
style.css,125,css,d1aba9b1,auchung,2025-10-08,20:43:16,-07:00,2025-10-08T20:43:16-07:00,2,14
style.css,126,css,d1aba9b1,auchung,2025-10-08,20:43:16,-07:00,2025-10-08T20:43:16-07:00,2,12
style.css,127,css,d1aba9b1,auchung,2025-10-08,20:43:16,-07:00,2025-10-08T20:43:16-07:00,1,0
style.css,128,css,e1432b79,auchung,2025-10-08,15:11:50,-07:00,2025-10-08T15:11:50-07:00,0,0
style.css,129,css,ad827e93,auchung,2025-10-09,12:59:35,-07:00,2025-10-09T12:59:35-07:00,0,0
style.css,130,css,ad827e93,auchung,2025-10-09,12:59:35,-07:00,2025-10-09T12:59:35-07:00,0,12
style.css,131,css,e1432b79,auchung,2025-10-08,15:11:50,-07:00,2025-10-08T15:11:50-07:00,0,9
style.css,132,css,e1432b79,auchung,2025-10-08,15:11:50,-07:00,2025-10-08T15:11:50-07:00,1,12
style.css,133,css,e1432b79,auchung,2025-10-08,15:11:50,-07:00,2025-10-08T15:11:50-07:00,1,58
style.css,134,css,8d69c196,auchung,2025-10-16,10:32:59,-07:00,2025-10-16T10:32:59-07:00,1,19
style.css,135,css,8d69c196,auchung,2025-10-16,10:32:59,-07:00,2025-10-16T10:32:59-07:00,1,9
style.css,136,css,8d69c196,auchung,2025-10-16,10:32:59,-07:00,2025-10-16T10:32:59-07:00,1,14
style.css,137,css,c4e64962,auchung,2025-10-08,15:15:15,-07:00,2025-10-08T15:15:15-07:00,0,0
style.css,138,css,c4e64962,auchung,2025-10-08,15:15:15,-07:00,2025-10-08T15:15:15-07:00,0,0
style.css,139,css,c4e64962,auchung,2025-10-08,15:15:15,-07:00,2025-10-08T15:15:15-07:00,0,17
style.css,140,css,c4e64962,auchung,2025-10-08,15:15:15,-07:00,2025-10-08T15:15:15-07:00,1,12
style.css,141,css,8d69c196,auchung,2025-10-16,10:32:59,-07:00,2025-10-16T10:32:59-07:00,1,26
style.css,142,css,8d69c196,auchung,2025-10-16,10:32:59,-07:00,2025-10-16T10:32:59-07:00,1,15
style.css,143,css,8d69c196,auchung,2025-10-16,10:32:59,-07:00,2025-10-16T10:32:59-07:00,1,7
style.css,144,css,c4e64962,auchung,2025-10-08,15:15:15,-07:00,2025-10-08T15:15:15-07:00,0,0
style.css,145,css,c4e64962,auchung,2025-10-08,15:15:15,-07:00,2025-10-08T15:15:15-07:00,0,0
style.css,146,css,567edc35,auchung,2025-10-09,13:17:46,-07:00,2025-10-09T13:17:46-07:00,0,20
style.css,147,css,8d69c196,auchung,2025-10-16,10:32:59,-07:00,2025-10-16T10:32:59-07:00,1,8
style.css,148,css,567edc35,auchung,2025-10-09,13:17:46,-07:00,2025-10-09T13:17:46-07:00,0,0
style.css,149,css,567edc35,auchung,2025-10-09,13:17:46,-07:00,2025-10-09T13:17:46-07:00,0,0
style.css,150,css,c4e64962,auchung,2025-10-08,15:15:15,-07:00,2025-10-08T15:15:15-07:00,0,22
style.css,151,css,8d69c196,auchung,2025-10-16,10:32:59,-07:00,2025-10-16T10:32:59-07:00,1,15
style.css,152,css,8d69c196,auchung,2025-10-16,10:32:59,-07:00,2025-10-16T10:32:59-07:00,1,17
style.css,153,css,8d69c196,auchung,2025-10-16,10:32:59,-07:00,2025-10-16T10:32:59-07:00,1,8
style.css,154,css,c4e64962,auchung,2025-10-08,15:15:15,-07:00,2025-10-08T15:15:15-07:00,0,0
style.css,155,css,c4e64962,auchung,2025-10-08,15:15:15,-07:00,2025-10-08T15:15:15-07:00,0,0
style.css,156,css,c4e64962,auchung,2025-10-08,15:15:15,-07:00,2025-10-08T15:15:15-07:00,0,44
style.css,157,css,c4e64962,auchung,2025-10-08,15:15:15,-07:00,2025-10-08T15:15:15-07:00,0,12
style.css,158,css,8d69c196,auchung,2025-10-16,10:32:59,-07:00,2025-10-16T10:32:59-07:00,1,13
style.css,159,css,8d69c196,auchung,2025-10-16,10:32:59,-07:00,2025-10-16T10:32:59-07:00,1,19
style.css,160,css,c4e64962,auchung,2025-10-08,15:15:15,-07:00,2025-10-08T15:15:15-07:00,0,0
style.css,161,css,c4e64962,auchung,2025-10-08,15:15:15,-07:00,2025-10-08T15:15:15-07:00,0,0
style.css,162,css,c4e64962,auchung,2025-10-08,15:15:15,-07:00,2025-10-08T15:15:15-07:00,0,28
style.css,163,css,c4e64962,auchung,2025-10-08,15:15:15,-07:00,2025-10-08T15:15:15-07:00,0,12
style.css,164,css,8d69c196,auchung,2025-10-16,10:32:59,-07:00,2025-10-16T10:32:59-07:00,1,15
style.css,165,css,ef5d8373,auchung,2025-10-08,15:22:25,-07:00,2025-10-08T15:22:25-07:00,0,0
style.css,166,css,ef5d8373,auchung,2025-10-08,15:22:25,-07:00,2025-10-08T15:22:25-07:00,0,0
style.css,167,css,ad827e93,auchung,2025-10-09,12:59:35,-07:00,2025-10-09T12:59:35-07:00,0,0
style.css,168,css,ef5d8373,auchung,2025-10-08,15:22:25,-07:00,2025-10-08T15:22:25-07:00,0,24
style.css,169,css,ef5d8373,auchung,2025-10-08,15:22:25,-07:00,2025-10-08T15:22:25-07:00,0,2
style.css,170,css,ef5d8373,auchung,2025-10-08,15:22:25,-07:00,2025-10-08T15:22:25-07:00,1,13
style.css,171,css,ef5d8373,auchung,2025-10-08,15:22:25,-07:00,2025-10-08T15:22:25-07:00,1,19
style.css,172,css,ef5d8373,auchung,2025-10-08,15:22:25,-07:00,2025-10-08T15:22:25-07:00,1,17
style.css,173,css,ef5d8373,auchung,2025-10-08,15:22:25,-07:00,2025-10-08T15:22:25-07:00,0,0
style.css,174,css,ef5d8373,auchung,2025-10-08,15:22:25,-07:00,2025-10-08T15:22:25-07:00,0,0
style.css,175,css,ef5d8373,auchung,2025-10-08,15:22:25,-07:00,2025-10-08T15:22:25-07:00,0,2
style.css,176,css,ef5d8373,auchung,2025-10-08,15:22:25,-07:00,2025-10-08T15:22:25-07:00,1,15
style.css,177,css,ef5d8373,auchung,2025-10-08,15:22:25,-07:00,2025-10-08T15:22:25-07:00,1,14
style.css,178,css,ef5d8373,auchung,2025-10-08,15:22:25,-07:00,2025-10-08T15:22:25-07:00,1,19
style.css,179,css,ef5d8373,auchung,2025-10-08,15:22:25,-07:00,2025-10-08T15:22:25-07:00,1,28
style.css,180,css,ef5d8373,auchung,2025-10-08,15:22:25,-07:00,2025-10-08T15:22:25-07:00,1,21
style.css,181,css,ef5d8373,auchung,2025-10-08,15:22:25,-07:00,2025-10-08T15:22:25-07:00,0,0
style.css,182,css,ef5d8373,auchung,2025-10-08,15:22:25,-07:00,2025-10-08T15:22:25-07:00,0,0
style.css,183,css,ef5d8373,auchung,2025-10-08,15:22:25,-07:00,2025-10-08T15:22:25-07:00,0,2
style.css,184,css,ef5d8373,auchung,2025-10-08,15:22:25,-07:00,2025-10-08T15:22:25-07:00,1,15
style.css,185,css,ef5d8373,auchung,2025-10-08,15:22:25,-07:00,2025-10-08T15:22:25-07:00,1,14
style.css,186,css,ef5d8373,auchung,2025-10-08,15:22:25,-07:00,2025-10-08T15:22:25-07:00,1,20
style.css,187,css,ef5d8373,auchung,2025-10-08,15:22:25,-07:00,2025-10-08T15:22:25-07:00,0,0
style.css,188,css,ef5d8373,auchung,2025-10-08,15:22:25,-07:00,2025-10-08T15:22:25-07:00,0,0
style.css,189,css,ef5d8373,auchung,2025-10-08,15:22:25,-07:00,2025-10-08T15:22:25-07:00,0,2
style.css,190,css,ef5d8373,auchung,2025-10-08,15:22:25,-07:00,2025-10-08T15:22:25-07:00,1,18
style.css,191,css,ef5d8373,auchung,2025-10-08,15:22:25,-07:00,2025-10-08T15:22:25-07:00,1,17
style.css,192,css,ef5d8373,auchung,2025-10-08,15:22:25,-07:00,2025-10-08T15:22:25-07:00,1,20
style.css,193,css,ef5d8373,auchung,2025-10-08,15:22:25,-07:00,2025-10-08T15:22:25-07:00,1,13
style.css,194,css,ef5d8373,auchung,2025-10-08,15:22:25,-07:00,2025-10-08T15:22:25-07:00,1,10
style.css,195,css,ef5d8373,auchung,2025-10-08,15:22:25,-07:00,2025-10-08T15:22:25-07:00,0,0
style.css,196,css,ef5d8373,auchung,2025-10-08,15:22:25,-07:00,2025-10-08T15:22:25-07:00,0,0
style.css,197,css,ef5d8373,auchung,2025-10-08,15:22:25,-07:00,2025-10-08T15:22:25-07:00,0,35
style.css,198,css,ef5d8373,auchung,2025-10-08,15:22:25,-07:00,2025-10-08T15:22:25-07:00,0,7
style.css,199,css,ef5d8373,auchung,2025-10-08,15:22:25,-07:00,2025-10-08T15:22:25-07:00,1,17
style.css,200,css,8d69c196,auchung,2025-10-16,10:32:59,-07:00,2025-10-16T10:32:59-07:00,1,14
style.css,201,css,ef5d8373,auchung,2025-10-08,15:22:25,-07:00,2025-10-08T15:22:25-07:00,0,0
style.css,202,css,ef5d8373,auchung,2025-10-08,15:22:25,-07:00,2025-10-08T15:22:25-07:00,0,0
style.css,203,css,ef5d8373,auchung,2025-10-08,15:22:25,-07:00,2025-10-08T15:22:25-07:00,0,7
style.css,204,css,ef5d8373,auchung,2025-10-08,15:22:25,-07:00,2025-10-08T15:22:25-07:00,1,19
style.css,205,css,ef5d8373,auchung,2025-10-08,15:22:25,-07:00,2025-10-08T15:22:25-07:00,0,0
style.css,206,css,ef5d8373,auchung,2025-10-08,15:22:25,-07:00,2025-10-08T15:22:25-07:00,0,0
style.css,207,css,ef5d8373,auchung,2025-10-08,15:22:25,-07:00,2025-10-08T15:22:25-07:00,0,21
style.css,208,css,ef5d8373,auchung,2025-10-08,15:22:25,-07:00,2025-10-08T15:22:25-07:00,0,2
style.css,209,css,ef5d8373,auchung,2025-10-08,15:22:25,-07:00,2025-10-08T15:22:25-07:00,1,22
style.css,210,css,ef5d8373,auchung,2025-10-08,15:22:25,-07:00,2025-10-08T15:22:25-07:00,1,16
style.css,211,css,ef5d8373,auchung,2025-10-08,15:22:25,-07:00,2025-10-08T15:22:25-07:00,1,16
style.css,212,css,ef5d8373,auchung,2025-10-08,15:22:25,-07:00,2025-10-08T15:22:25-07:00,0,0
style.css,213,css,ef5d8373,auchung,2025-10-08,15:22:25,-07:00,2025-10-08T15:22:25-07:00,0,0
style.css,214,css,ef5d8373,auchung,2025-10-08,15:22:25,-07:00,2025-10-08T15:22:25-07:00,0,21
style.css,215,css,ef5d8373,auchung,2025-10-08,15:22:25,-07:00,2025-10-08T15:22:25-07:00,0,4
style.css,216,css,ef5d8373,auchung,2025-10-08,15:22:25,-07:00,2025-10-08T15:22:25-07:00,1,17
style.css,217,css,ef5d8373,auchung,2025-10-08,15:22:25,-07:00,2025-10-08T15:22:25-07:00,1,10
style.css,218,css,ef5d8373,auchung,2025-10-08,15:22:25,-07:00,2025-10-08T15:22:25-07:00,0,0
style.css,219,css,ef5d8373,auchung,2025-10-08,15:22:25,-07:00,2025-10-08T15:22:25-07:00,0,0
style.css,220,css,ef5d8373,auchung,2025-10-08,15:22:25,-07:00,2025-10-08T15:22:25-07:00,0,21
style.css,221,css,ef5d8373,auchung,2025-10-08,15:22:25,-07:00,2025-10-08T15:22:25-07:00,0,1
style.css,222,css,ef5d8373,auchung,2025-10-08,15:22:25,-07:00,2025-10-08T15:22:25-07:00,1,38
style.css,223,css,ef5d8373,auchung,2025-10-08,15:22:25,-07:00,2025-10-08T15:22:25-07:00,1,20
style.css,224,css,ef5d8373,auchung,2025-10-08,15:22:25,-07:00,2025-10-08T15:22:25-07:00,0,0
style.css,225,css,ef5d8373,auchung,2025-10-08,15:22:25,-07:00,2025-10-08T15:22:25-07:00,0,0
style.css,226,css,ef5d8373,auchung,2025-10-08,15:22:25,-07:00,2025-10-08T15:22:25-07:00,0,7
style.css,227,css,ef5d8373,auchung,2025-10-08,15:22:25,-07:00,2025-10-08T15:22:25-07:00,1,25
style.css,228,css,ef5d8373,auchung,2025-10-08,15:22:25,-07:00,2025-10-08T15:22:25-07:00,0,0
style.css,229,css,ef5d8373,auchung,2025-10-08,15:22:25,-07:00,2025-10-08T15:22:25-07:00,0,0
style.css,230,css,ef5d8373,auchung,2025-10-08,15:22:25,-07:00,2025-10-08T15:22:25-07:00,0,70
style.css,231,css,ef5d8373,auchung,2025-10-08,15:22:25,-07:00,2025-10-08T15:22:25-07:00,0,3
style.css,232,css,ef5d8373,auchung,2025-10-08,15:22:25,-07:00,2025-10-08T15:22:25-07:00,1,17
style.css,233,css,ef5d8373,auchung,2025-10-08,15:22:25,-07:00,2025-10-08T15:22:25-07:00,0,0
style.css,234,css,ef5d8373,auchung,2025-10-08,15:22:25,-07:00,2025-10-08T15:22:25-07:00,0,0
style.css,235,css,ef5d8373,auchung,2025-10-08,15:22:25,-07:00,2025-10-08T15:22:25-07:00,0,43
style.css,236,css,ef5d8373,auchung,2025-10-08,15:22:25,-07:00,2025-10-08T15:22:25-07:00,0,7
style.css,237,css,ef5d8373,auchung,2025-10-08,15:22:25,-07:00,2025-10-08T15:22:25-07:00,1,12
style.css,238,css,ef5d8373,auchung,2025-10-08,15:22:25,-07:00,2025-10-08T15:22:25-07:00,1,14
style.css,239,css,ef5d8373,auchung,2025-10-08,15:22:25,-07:00,2025-10-08T15:22:25-07:00,1,9
style.css,240,css,ef5d8373,auchung,2025-10-08,15:22:25,-07:00,2025-10-08T15:22:25-07:00,0,0
style.css,241,css,ef5d8373,auchung,2025-10-08,15:22:25,-07:00,2025-10-08T15:22:25-07:00,0,0
style.css,242,css,ef5d8373,auchung,2025-10-08,15:22:25,-07:00,2025-10-08T15:22:25-07:00,0,12
style.css,243,css,ef5d8373,auchung,2025-10-08,15:22:25,-07:00,2025-10-08T15:22:25-07:00,1,21
style.css,244,css,ef5d8373,auchung,2025-10-08,15:22:25,-07:00,2025-10-08T15:22:25-07:00,1,20
style.css,245,css,ef5d8373,auchung,2025-10-08,15:22:25,-07:00,2025-10-08T15:22:25-07:00,1,20
style.css,246,css,ef5d8373,auchung,2025-10-08,15:22:25,-07:00,2025-10-08T15:22:25-07:00,1,15
style.css,247,css,b0aa0f0f,auchung,2025-10-18,21:15:53,-07:00,2025-10-18T21:15:53-07:00,0,0
style.css,248,css,b0aa0f0f,auchung,2025-10-18,21:15:53,-07:00,2025-10-18T21:15:53-07:00,0,0
style.css,249,css,b0aa0f0f,auchung,2025-10-18,21:15:53,-07:00,2025-10-18T21:15:53-07:00,0,0
style.css,250,css,b0aa0f0f,auchung,2025-10-18,21:15:53,-07:00,2025-10-18T21:15:53-07:00,0,17
style.css,251,css,b0aa0f0f,auchung,2025-10-18,21:15:53,-07:00,2025-10-18T21:15:53-07:00,1,12
style.css,252,css,b0aa0f0f,auchung,2025-10-18,21:15:53,-07:00,2025-10-18T21:15:53-07:00,1,36
style.css,253,css,b0aa0f0f,auchung,2025-10-18,21:15:53,-07:00,2025-10-18T21:15:53-07:00,1,10
style.css,254,css,b0aa0f0f,auchung,2025-10-18,21:15:53,-07:00,2025-10-18T21:15:53-07:00,1,17
style.css,255,css,b0aa0f0f,auchung,2025-10-18,21:15:53,-07:00,2025-10-18T21:15:53-07:00,0,0
style.css,256,css,b0aa0f0f,auchung,2025-10-18,21:15:53,-07:00,2025-10-18T21:15:53-07:00,0,0
style.css,257,css,b0aa0f0f,auchung,2025-10-18,21:15:53,-07:00,2025-10-18T21:15:53-07:00,0,17
style.css,258,css,b0aa0f0f,auchung,2025-10-18,21:15:53,-07:00,2025-10-18T21:15:53-07:00,1,16
style.css,259,css,b0aa0f0f,auchung,2025-10-18,21:15:53,-07:00,2025-10-18T21:15:53-07:00,1,10
style.css,260,css,b0aa0f0f,auchung,2025-10-18,21:15:53,-07:00,2025-10-18T21:15:53-07:00,0,0
style.css,261,css,b0aa0f0f,auchung,2025-10-18,21:15:53,-07:00,2025-10-18T21:15:53-07:00,0,0
style.css,262,css,b0aa0f0f,auchung,2025-10-18,21:15:53,-07:00,2025-10-18T21:15:53-07:00,0,17
style.css,263,css,b0aa0f0f,auchung,2025-10-18,21:15:53,-07:00,2025-10-18T21:15:53-07:00,1,10
style.css,264,css,b0aa0f0f,auchung,2025-10-18,21:15:53,-07:00,2025-10-18T21:15:53-07:00,1,8
style.css,265,css,7cf03f7b,auchung,2025-10-29,14:59:04,-07:00,2025-10-29T14:59:04-07:00,0,0
style.css,266,css,7cf03f7b,auchung,2025-10-29,14:59:04,-07:00,2025-10-29T14:59:04-07:00,0,0
style.css,267,css,7cf03f7b,auchung,2025-10-29,14:59:04,-07:00,2025-10-29T14:59:04-07:00,0,13
style.css,268,css,7cf03f7b,auchung,2025-10-29,14:59:04,-07:00,2025-10-29T14:59:04-07:00,1,12
style.css,269,css,7cf03f7b,auchung,2025-10-29,14:59:04,-07:00,2025-10-29T14:59:04-07:00,1,21
style.css,270,css,7cf03f7b,auchung,2025-10-29,14:59:04,-07:00,2025-10-29T14:59:04-07:00,1,11
style.css,271,css,7cf03f7b,auchung,2025-10-29,14:59:04,-07:00,2025-10-29T14:59:04-07:00,0,0
style.css,272,css,7cf03f7b,auchung,2025-10-29,14:59:04,-07:00,2025-10-29T14:59:04-07:00,0,0
style.css,273,css,7cf03f7b,auchung,2025-10-29,14:59:04,-07:00,2025-10-29T14:59:04-07:00,0,13
style.css,274,css,7cf03f7b,auchung,2025-10-29,14:59:04,-07:00,2025-10-29T14:59:04-07:00,1,16
style.css,275,css,7cf03f7b,auchung,2025-10-29,14:59:04,-07:00,2025-10-29T14:59:04-07:00,1,10
style.css,276,css,7cf03f7b,auchung,2025-10-29,14:59:04,-07:00,2025-10-29T14:59:04-07:00,1,17
style.css,277,css,7cf03f7b,auchung,2025-10-29,14:59:04,-07:00,2025-10-29T14:59:04-07:00,1,30
style.css,278,css,7cf03f7b,auchung,2025-10-29,14:59:04,-07:00,2025-10-29T14:59:04-07:00,1,34
style.css,279,css,7cf03f7b,auchung,2025-10-29,14:59:04,-07:00,2025-10-29T14:59:04-07:00,0,0
style.css,280,css,7cf03f7b,auchung,2025-10-29,14:59:04,-07:00,2025-10-29T14:59:04-07:00,0,0
style.css,281,css,7cf03f7b,auchung,2025-10-29,14:59:04,-07:00,2025-10-29T14:59:04-07:00,0,18
style.css,282,css,7cf03f7b,auchung,2025-10-29,14:59:04,-07:00,2025-10-29T14:59:04-07:00,1,14
style.css,283,css,7cf03f7b,auchung,2025-10-29,14:59:04,-07:00,2025-10-29T14:59:04-07:00,1,16
style.css,284,css,7cf03f7b,auchung,2025-10-29,14:59:04,-07:00,2025-10-29T14:59:04-07:00,1,14
style.css,285,css,7cf03f7b,auchung,2025-10-29,14:59:04,-07:00,2025-10-29T14:59:04-07:00,0,0
style.css,286,css,7cf03f7b,auchung,2025-10-29,14:59:04,-07:00,2025-10-29T14:59:04-07:00,0,0
style.css,287,css,7cf03f7b,auchung,2025-10-29,14:59:04,-07:00,2025-10-29T14:59:04-07:00,0,10
style.css,288,css,7cf03f7b,auchung,2025-10-29,14:59:04,-07:00,2025-10-29T14:59:04-07:00,1,12
style.css,289,css,7cf03f7b,auchung,2025-10-29,14:59:04,-07:00,2025-10-29T14:59:04-07:00,1,43
style.css,290,css,7cf03f7b,auchung,2025-10-29,14:59:04,-07:00,2025-10-29T14:59:04-07:00,1,62
style.css,291,css,7cf03f7b,auchung,2025-10-29,14:59:04,-07:00,2025-10-29T14:59:04-07:00,1,7
style.css,292,css,7cf03f7b,auchung,2025-10-29,14:59:04,-07:00,2025-10-29T14:59:04-07:00,0,0
style.css,293,css,7cf03f7b,auchung,2025-10-29,14:59:04,-07:00,2025-10-29T14:59:04-07:00,0,0
style.css,294,css,7cf03f7b,auchung,2025-10-29,14:59:04,-07:00,2025-10-29T14:59:04-07:00,0,14
style.css,295,css,7cf03f7b,auchung,2025-10-29,14:59:04,-07:00,2025-10-29T14:59:04-07:00,1,12
style.css,296,css,7cf03f7b,auchung,2025-10-29,14:59:04,-07:00,2025-10-29T14:59:04-07:00,1,6
style.css,297,css,7cf03f7b,auchung,2025-10-29,14:59:04,-07:00,2025-10-29T14:59:04-07:00,1,14
style.css,298,css,7cf03f7b,auchung,2025-10-29,14:59:04,-07:00,2025-10-29T14:59:04-07:00,1,13
style.css,299,css,7cf03f7b,auchung,2025-10-29,14:59:04,-07:00,2025-10-29T14:59:04-07:00,1,47
style.css,300,css,7cf03f7b,auchung,2025-10-29,14:59:04,-07:00,2025-10-29T14:59:04-07:00,1,11
style.css,301,css,7cf03f7b,auchung,2025-10-29,14:59:04,-07:00,2025-10-29T14:59:04-07:00,0,0
style.css,302,css,7cf03f7b,auchung,2025-10-29,14:59:04,-07:00,2025-10-29T14:59:04-07:00,0,0
style.css,303,css,7cf03f7b,auchung,2025-10-29,14:59:04,-07:00,2025-10-29T14:59:04-07:00,0,7
style.css,304,css,7cf03f7b,auchung,2025-10-29,14:59:04,-07:00,2025-10-29T14:59:04-07:00,1,12
style.css,305,css,7cf03f7b,auchung,2025-10-29,14:59:04,-07:00,2025-10-29T14:59:04-07:00,1,6
style.css,306,css,7cf03f7b,auchung,2025-10-29,14:59:04,-07:00,2025-10-29T14:59:04-07:00,1,57
style.css,307,css,7cf03f7b,auchung,2025-10-29,14:59:04,-07:00,2025-10-29T14:59:04-07:00,1,15
style.css,308,css,7cf03f7b,auchung,2025-10-29,14:59:04,-07:00,2025-10-29T14:59:04-07:00,1,17
style.css,309,css,7cf03f7b,auchung,2025-10-29,14:59:04,-07:00,2025-10-29T14:59:04-07:00,1,10
style.css,310,css,7cf03f7b,auchung,2025-10-29,14:59:04,-07:00,2025-10-29T14:59:04-07:00,1,21
style.css,311,css,7cf03f7b,auchung,2025-10-29,14:59:04,-07:00,2025-10-29T14:59:04-07:00,1,9
style.css,312,css,7cf03f7b,auchung,2025-10-29,14:59:04,-07:00,2025-10-29T14:59:04-07:00,1,20
style.css,313,css,7cf03f7b,auchung,2025-10-29,14:59:04,-07:00,2025-10-29T14:59:04-07:00,0,0
style.css,314,css,7cf03f7b,auchung,2025-10-29,14:59:04,-07:00,2025-10-29T14:59:04-07:00,0,0
style.css,315,css,7cf03f7b,auchung,2025-10-29,14:59:04,-07:00,2025-10-29T14:59:04-07:00,0,12
style.css,316,css,7cf03f7b,auchung,2025-10-29,14:59:04,-07:00,2025-10-29T14:59:04-07:00,1,12
style.css,317,css,7cf03f7b,auchung,2025-10-29,14:59:04,-07:00,2025-10-29T14:59:04-07:00,1,18
style.css,318,css,7cf03f7b,auchung,2025-10-29,14:59:04,-07:00,2025-10-29T14:59:04-07:00,1,9
style.css,319,css,7cf03f7b,auchung,2025-10-29,14:59:04,-07:00,2025-10-29T14:59:04-07:00,1,30
style.css,320,css,7cf03f7b,auchung,2025-10-29,14:59:04,-07:00,2025-10-29T14:59:04-07:00,1,34
style.css,321,css,7cf03f7b,auchung,2025-10-29,14:59:04,-07:00,2025-10-29T14:59:04-07:00,0,0
style.css,322,css,7cf03f7b,auchung,2025-10-29,14:59:04,-07:00,2025-10-29T14:59:04-07:00,0,0
style.css,323,css,7cf03f7b,auchung,2025-10-29,14:59:04,-07:00,2025-10-29T14:59:04-07:00,0,20
style.css,324,css,7cf03f7b,auchung,2025-10-29,14:59:04,-07:00,2025-10-29T14:59:04-07:00,1,20
style.css,325,css,7cf03f7b,auchung,2025-10-29,14:59:04,-07:00,2025-10-29T14:59:04-07:00,1,9
style.css,326,css,7cf03f7b,auchung,2025-10-29,14:59:04,-07:00,2025-10-29T14:59:04-07:00,1,10
style.css,327,css,7cf03f7b,auchung,2025-10-29,14:59:04,-07:00,2025-10-29T14:59:04-07:00,1,29
style.css,328,css,7cf03f7b,auchung,2025-10-29,14:59:04,-07:00,2025-10-29T14:59:04-07:00,1,55
style.css,329,css,7cf03f7b,auchung,2025-10-29,14:59:04,-07:00,2025-10-29T14:59:04-07:00,0,0
style.css,330,css,7cf03f7b,auchung,2025-10-29,14:59:04,-07:00,2025-10-29T14:59:04-07:00,0,0
style.css,331,css,7cf03f7b,auchung,2025-10-29,14:59:04,-07:00,2025-10-29T14:59:04-07:00,0,10
style.css,332,css,7cf03f7b,auchung,2025-10-29,14:59:04,-07:00,2025-10-29T14:59:04-07:00,1,69
style.css,333,css,7cf03f7b,auchung,2025-10-29,14:59:04,-07:00,2025-10-29T14:59:04-07:00,1,67
style.css,334,css,7cf03f7b,auchung,2025-10-29,14:59:04,-07:00,2025-10-29T14:59:04-07:00,1,56
style.css,335,css,7cf03f7b,auchung,2025-10-29,14:59:04,-07:00,2025-10-29T14:59:04-07:00,1,63
style.css,336,css,7cf03f7b,auchung,2025-10-29,14:59:04,-07:00,2025-10-29T14:59:04-07:00,1,44
style.css,337,css,7cf03f7b,auchung,2025-10-29,14:59:04,-07:00,2025-10-29T14:59:04-07:00,1,44
style.css,338,css,7cf03f7b,auchung,2025-10-29,14:59:04,-07:00,2025-10-29T14:59:04-07:00,0,0
style.css,339,css,7cf03f7b,auchung,2025-10-29,14:59:04,-07:00,2025-10-29T14:59:04-07:00,0,0
style.css,340,css,7cf03f7b,auchung,2025-10-29,14:59:04,-07:00,2025-10-29T14:59:04-07:00,0,29
style.css,341,css,7cf03f7b,auchung,2025-10-29,14:59:04,-07:00,2025-10-29T14:59:04-07:00,0,36
style.css,342,css,7cf03f7b,auchung,2025-10-29,14:59:04,-07:00,2025-10-29T14:59:04-07:00,1,11
style.css,343,css,7cf03f7b,auchung,2025-10-29,14:59:04,-07:00,2025-10-29T14:59:04-07:00,0,0
style.css,344,css,7cf03f7b,auchung,2025-10-29,14:59:04,-07:00,2025-10-29T14:59:04-07:00,0,0
style.css,345,css,7cf03f7b,auchung,2025-10-29,14:59:04,-07:00,2025-10-29T14:59:04-07:00,0,4
style.css,346,css,7cf03f7b,auchung,2025-10-29,14:59:04,-07:00,2025-10-29T14:59:04-07:00,1,16
style.css,347,css,7cf03f7b,auchung,2025-10-29,14:59:04,-07:00,2025-10-29T14:59:04-07:00,1,14
style.css,348,css,7cf03f7b,auchung,2025-10-29,14:59:04,-07:00,2025-10-29T14:59:04-07:00,0,0
style.css,349,css,7cf03f7b,auchung,2025-10-29,14:59:04,-07:00,2025-10-29T14:59:04-07:00,0,0
style.css,350,css,7cf03f7b,auchung,2025-10-29,14:59:04,-07:00,2025-10-29T14:59:04-07:00,0,34
style.css,351,css,7cf03f7b,auchung,2025-10-29,14:59:04,-07:00,2025-10-29T14:59:04-07:00,0,20
style.css,352,css,7cf03f7b,auchung,2025-10-29,14:59:04,-07:00,2025-10-29T14:59:04-07:00,1,10
style.css,353,css,7cf03f7b,auchung,2025-10-29,14:59:04,-07:00,2025-10-29T14:59:04-07:00,1,11
style.css,354,css,7cf03f7b,auchung,2025-10-29,14:59:04,-07:00,2025-10-29T14:59:04-07:00,1,20
style.css,355,css,7cf03f7b,auchung,2025-10-29,14:59:04,-07:00,2025-10-29T14:59:04-07:00,1,29
style.css,356,css,7cf03f7b,auchung,2025-10-29,14:59:04,-07:00,2025-10-29T14:59:04-07:00,1,16
style.css,357,css,7cf03f7b,auchung,2025-10-29,14:59:04,-07:00,2025-10-29T14:59:04-07:00,1,17
style.css,358,css,7cf03f7b,auchung,2025-10-29,14:59:04,-07:00,2025-10-29T14:59:04-07:00,1,16
style.css,359,css,7cf03f7b,auchung,2025-10-29,14:59:04,-07:00,2025-10-29T14:59:04-07:00,0,0
style.css,360,css,7cf03f7b,auchung,2025-10-29,14:59:04,-07:00,2025-10-29T14:59:04-07:00,0,0
style.css,361,css,7cf03f7b,auchung,2025-10-29,14:59:04,-07:00,2025-10-29T14:59:04-07:00,0,21
style.css,362,css,7cf03f7b,auchung,2025-10-29,14:59:04,-07:00,2025-10-29T14:59:04-07:00,0,18
style.css,363,css,7cf03f7b,auchung,2025-10-29,14:59:04,-07:00,2025-10-29T14:59:04-07:00,1,67
style.css,364,css,7cf03f7b,auchung,2025-10-29,14:59:04,-07:00,2025-10-29T14:59:04-07:00,0,0
style.css,365,css,7cf03f7b,auchung,2025-10-29,14:59:04,-07:00,2025-10-29T14:59:04-07:00,0,0
style.css,366,css,7cf03f7b,auchung,2025-10-29,14:59:04,-07:00,2025-10-29T14:59:04-07:00,0,22
style.css,367,css,7cf03f7b,auchung,2025-10-29,14:59:04,-07:00,2025-10-29T14:59:04-07:00,0,29
style.css,368,css,7cf03f7b,auchung,2025-10-29,14:59:04,-07:00,2025-10-29T14:59:04-07:00,1,44
style.css,369,css,e57da8af,auchung,2025-10-08,15:01:58,-07:00,2025-10-08T15:01:58-07:00,0,0
index.js,1,js,9c9d295f,auchung,2025-10-18,20:12:57,-07:00,2025-10-18T20:12:57-07:00,0,54
index.js,2,js,b0aa0f0f,auchung,2025-10-18,21:15:53,-07:00,2025-10-18T21:15:53-07:00,0,44
index.js,3,js,9c9d295f,auchung,2025-10-18,20:12:57,-07:00,2025-10-18T20:12:57-07:00,0,0
index.js,4,js,9c9d295f,auchung,2025-10-18,20:12:57,-07:00,2025-10-18T20:12:57-07:00,0,54
index.js,5,js,9c9d295f,auchung,2025-10-18,20:12:57,-07:00,2025-10-18T20:12:57-07:00,0,42
index.js,6,js,9c9d295f,auchung,2025-10-18,20:12:57,-07:00,2025-10-18T20:12:57-07:00,0,60
index.js,7,js,b0aa0f0f,auchung,2025-10-18,21:15:53,-07:00,2025-10-18T21:15:53-07:00,0,54
index.js,8,js,b0aa0f0f,auchung,2025-10-18,21:15:53,-07:00,2025-10-18T21:15:53-07:00,0,0
index.js,9,js,b0aa0f0f,auchung,2025-10-18,21:15:53,-07:00,2025-10-18T21:15:53-07:00,0,50
index.js,10,js,b0aa0f0f,auchung,2025-10-18,21:15:53,-07:00,2025-10-18T21:15:53-07:00,0,60
index.js,11,js,b0aa0f0f,auchung,2025-10-18,21:15:53,-07:00,2025-10-18T21:15:53-07:00,0,31
index.js,12,js,b0aa0f0f,auchung,2025-10-18,21:15:53,-07:00,2025-10-18T21:15:53-07:00,4,24
index.js,13,js,b0aa0f0f,auchung,2025-10-18,21:15:53,-07:00,2025-10-18T21:15:53-07:00,5,19
index.js,14,js,b0aa0f0f,auchung,2025-10-18,21:15:53,-07:00,2025-10-18T21:15:53-07:00,5,2
index.js,15,js,b0aa0f0f,auchung,2025-10-18,21:15:53,-07:00,2025-10-18T21:15:53-07:00,6,55
index.js,16,js,b0aa0f0f,auchung,2025-10-18,21:15:53,-07:00,2025-10-18T21:15:53-07:00,6,55
index.js,17,js,b0aa0f0f,auchung,2025-10-18,21:15:53,-07:00,2025-10-18T21:15:53-07:00,6,49
index.js,18,js,b0aa0f0f,auchung,2025-10-18,21:15:53,-07:00,2025-10-18T21:15:53-07:00,6,49
index.js,19,js,b0aa0f0f,auchung,2025-10-18,21:15:53,-07:00,2025-10-18T21:15:53-07:00,5,3
index.js,20,js,b0aa0f0f,auchung,2025-10-18,21:15:53,-07:00,2025-10-18T21:15:53-07:00,4,0
index.js,21,js,b0aa0f0f,auchung,2025-10-18,21:15:53,-07:00,2025-10-18T21:15:53-07:00,0,0
index.html,1,html,f5b05aca,auchung,2025-10-01,12:55:28,-07:00,2025-10-01T12:55:28-07:00,0,13
index.html,2,html,f5b05aca,auchung,2025-10-01,12:55:28,-07:00,2025-10-01T12:55:28-07:00,0,14
index.html,3,html,f5b05aca,auchung,2025-10-01,12:55:28,-07:00,2025-10-01T12:55:28-07:00,0,4
index.html,4,html,f5b05aca,auchung,2025-10-01,12:55:28,-07:00,2025-10-01T12:55:28-07:00,2,20
index.html,5,html,f5b05aca,auchung,2025-10-01,12:55:28,-07:00,2025-10-01T12:55:28-07:00,2,68
index.html,6,html,f5b05aca,auchung,2025-10-01,12:55:28,-07:00,2025-10-01T12:55:28-07:00,2,54
index.html,7,html,06f2bc34,auchung,2025-10-02,14:51:17,-07:00,2025-10-02T14:51:17-07:00,2,38
index.html,8,html,f5b05aca,auchung,2025-10-01,12:55:28,-07:00,2025-10-01T12:55:28-07:00,0,5
index.html,9,html,83b45518,auchung,2025-10-09,13:31:11,-07:00,2025-10-09T13:31:11-07:00,0,4
index.html,10,html,83b45518,auchung,2025-10-09,13:31:11,-07:00,2025-10-09T13:31:11-07:00,1,17
index.html,11,html,3d126335,auchung,2025-10-08,13:16:46,-07:00,2025-10-08T13:16:46-07:00,1,19
index.html,12,html,b9af55cf,auchung,2025-10-08,21:34:17,-07:00,2025-10-08T21:34:17-07:00,1,341
index.html,13,html,3d126335,auchung,2025-10-08,13:16:46,-07:00,2025-10-08T13:16:46-07:00,1,69
index.html,14,html,83b45518,auchung,2025-10-09,13:31:11,-07:00,2025-10-09T13:31:11-07:00,1,5
index.html,15,html,9c9d295f,auchung,2025-10-18,20:12:57,-07:00,2025-10-18T20:12:57-07:00,1,22
index.html,16,html,9c9d295f,auchung,2025-10-18,20:12:57,-07:00,2025-10-18T20:12:57-07:00,2,20
index.html,17,html,9c9d295f,auchung,2025-10-18,20:12:57,-07:00,2025-10-18T20:12:57-07:00,2,49
index.html,18,html,9c9d295f,auchung,2025-10-18,20:12:57,-07:00,2025-10-18T20:12:57-07:00,2,4
index.html,19,html,b0aa0f0f,auchung,2025-10-18,21:15:53,-07:00,2025-10-18T21:15:53-07:00,0,0
index.html,20,html,b0aa0f0f,auchung,2025-10-18,21:15:53,-07:00,2025-10-18T21:15:53-07:00,1,27
index.html,21,html,b0aa0f0f,auchung,2025-10-18,21:15:53,-07:00,2025-10-18T21:15:53-07:00,3,22
index.html,22,html,b0aa0f0f,auchung,2025-10-18,21:15:53,-07:00,2025-10-18T21:15:53-07:00,4,35
index.html,23,html,b0aa0f0f,auchung,2025-10-18,21:15:53,-07:00,2025-10-18T21:15:53-07:00,3,4
index.html,24,html,b0aa0f0f,auchung,2025-10-18,21:15:53,-07:00,2025-10-18T21:15:53-07:00,2,8
index.html,25,html,9c9d295f,auchung,2025-10-18,20:12:57,-07:00,2025-10-18T20:12:57-07:00,1,50
index.html,26,html,f5b05aca,auchung,2025-10-01,12:55:28,-07:00,2025-10-01T12:55:28-07:00,0,5
index.html,27,html,f5b05aca,auchung,2025-10-01,12:55:28,-07:00,2025-10-01T12:55:28-07:00,0,5
global.js,1,js,c8c5db60,auchung,2025-10-13,14:44:04,-07:00,2025-10-13T14:44:04-07:00,0,25
global.js,2,js,c8c5db60,auchung,2025-10-13,14:44:04,-07:00,2025-10-13T14:44:04-07:00,0,0
global.js,3,js,c8c5db60,auchung,2025-10-13,14:44:04,-07:00,2025-10-13T14:44:04-07:00,0,41
global.js,4,js,c8c5db60,auchung,2025-10-13,14:44:04,-07:00,2025-10-13T14:44:04-07:00,1,52
global.js,5,js,c8c5db60,auchung,2025-10-13,14:44:04,-07:00,2025-10-13T14:44:04-07:00,0,0
global.js,6,js,f6f3f68a,auchung,2025-10-13,14:53:27,-07:00,2025-10-13T14:53:27-07:00,0,0
global.js,7,js,6774d746,auchung,2025-10-13,15:03:26,-07:00,2025-10-13T15:03:26-07:00,0,11
global.js,8,js,3922843a,auchung,2025-10-13,15:32:42,-07:00,2025-10-13T15:32:42-07:00,2,25
global.js,9,js,3922843a,auchung,2025-10-13,15:32:42,-07:00,2025-10-13T15:32:42-07:00,2,38
global.js,10,js,3922843a,auchung,2025-10-13,15:32:42,-07:00,2025-10-13T15:32:42-07:00,2,34
global.js,11,js,3922843a,auchung,2025-10-13,15:32:42,-07:00,2025-10-13T15:32:42-07:00,2,36
global.js,12,js,00000000,Not Committed Yet,2025-11-05,15:21:58,-08:00,2025-11-05T15:21:58-08:00,2,30
global.js,13,js,3922843a,auchung,2025-10-13,15:32:42,-07:00,2025-10-13T15:32:42-07:00,2,53
global.js,14,js,3922843a,auchung,2025-10-13,15:32:42,-07:00,2025-10-13T15:32:42-07:00,1,0
global.js,15,js,6774d746,auchung,2025-10-13,15:03:26,-07:00,2025-10-13T15:03:26-07:00,0,0
global.js,16,js,6774d746,auchung,2025-10-13,15:03:26,-07:00,2025-10-13T15:03:26-07:00,0,38
global.js,17,js,6774d746,auchung,2025-10-13,15:03:26,-07:00,2025-10-13T15:03:26-07:00,0,25
global.js,18,js,6774d746,auchung,2025-10-13,15:03:26,-07:00,2025-10-13T15:03:26-07:00,0,88
global.js,19,js,3922843a,auchung,2025-10-13,15:32:42,-07:00,2025-10-13T15:32:42-07:00,1,36
global.js,20,js,d2975eaa,auchung,2025-10-13,15:33:41,-07:00,2025-10-13T15:33:41-07:00,1,48
global.js,21,js,6774d746,auchung,2025-10-13,15:03:26,-07:00,2025-10-13T15:03:26-07:00,0,20
global.js,22,js,3922843a,auchung,2025-10-13,15:32:42,-07:00,2025-10-13T15:32:42-07:00,2,14
global.js,23,js,3922843a,auchung,2025-10-13,15:32:42,-07:00,2025-10-13T15:32:42-07:00,2,18
global.js,24,js,3922843a,auchung,2025-10-13,15:32:42,-07:00,2025-10-13T15:32:42-07:00,2,52
global.js,25,js,3922843a,auchung,2025-10-13,15:32:42,-07:00,2025-10-13T15:32:42-07:00,2,34
global.js,26,js,3922843a,auchung,2025-10-13,15:32:42,-07:00,2025-10-13T15:32:42-07:00,2,11
global.js,27,js,3922843a,auchung,2025-10-13,15:32:42,-07:00,2025-10-13T15:32:42-07:00,2,20
global.js,28,js,3922843a,auchung,2025-10-13,15:32:42,-07:00,2025-10-13T15:32:42-07:00,2,17
global.js,29,js,3922843a,auchung,2025-10-13,15:32:42,-07:00,2025-10-13T15:32:42-07:00,4,8
global.js,30,js,3922843a,auchung,2025-10-13,15:32:42,-07:00,2025-10-13T15:32:42-07:00,4,58
global.js,31,js,3922843a,auchung,2025-10-13,15:32:42,-07:00,2025-10-13T15:32:42-07:00,3,0
global.js,32,js,3922843a,auchung,2025-10-13,15:32:42,-07:00,2025-10-13T15:32:42-07:00,3,29
global.js,33,js,3922843a,auchung,2025-10-13,15:32:42,-07:00,2025-10-13T15:32:42-07:00,4,18
global.js,34,js,3922843a,auchung,2025-10-13,15:32:42,-07:00,2025-10-13T15:32:42-07:00,3,0
global.js,35,js,3922843a,auchung,2025-10-13,15:32:42,-07:00,2025-10-13T15:32:42-07:00,2,12
global.js,36,js,3922843a,auchung,2025-10-13,15:32:42,-07:00,2025-10-13T15:32:42-07:00,1,0
global.js,37,js,3922843a,auchung,2025-10-13,15:32:42,-07:00,2025-10-13T15:32:42-07:00,1,0
global.js,38,js,8be70ff0,auchung,2025-10-16,10:44:24,-07:00,2025-10-16T10:44:24-07:00,0,14
global.js,39,js,8d69c196,auchung,2025-10-16,10:32:59,-07:00,2025-10-16T10:32:59-07:00,0,31
global.js,40,js,8d69c196,auchung,2025-10-16,10:32:59,-07:00,2025-10-16T10:32:59-07:00,2,11
global.js,41,js,8d69c196,auchung,2025-10-16,10:32:59,-07:00,2025-10-16T10:32:59-07:00,2,0
global.js,42,js,8d69c196,auchung,2025-10-16,10:32:59,-07:00,2025-10-16T10:32:59-07:00,2,26
global.js,43,js,8d69c196,auchung,2025-10-16,10:32:59,-07:00,2025-10-16T10:32:59-07:00,3,4
global.js,44,js,8d69c196,auchung,2025-10-16,10:32:59,-07:00,2025-10-16T10:32:59-07:00,3,24
global.js,45,js,8d69c196,auchung,2025-10-16,10:32:59,-07:00,2025-10-16T10:32:59-07:00,4,43
global.js,46,js,8d69c196,auchung,2025-10-16,10:32:59,-07:00,2025-10-16T10:32:59-07:00,4,34
global.js,47,js,8d69c196,auchung,2025-10-16,10:32:59,-07:00,2025-10-16T10:32:59-07:00,4,32
global.js,48,js,8d69c196,auchung,2025-10-16,10:32:59,-07:00,2025-10-16T10:32:59-07:00,3,7
global.js,49,js,8d69c196,auchung,2025-10-16,10:32:59,-07:00,2025-10-16T10:32:59-07:00,2,6
global.js,50,js,8d69c196,auchung,2025-10-16,10:32:59,-07:00,2025-10-16T10:32:59-07:00,2,0
global.js,51,js,8d69c196,auchung,2025-10-16,10:32:59,-07:00,2025-10-16T10:32:59-07:00,0,0
global.js,52,js,f6f3f68a,auchung,2025-10-13,14:53:27,-07:00,2025-10-13T14:53:27-07:00,0,0
global.js,53,js,8be70ff0,auchung,2025-10-16,10:44:24,-07:00,2025-10-16T10:44:24-07:00,0,20
global.js,54,js,8d69c196,auchung,2025-10-16,10:32:59,-07:00,2025-10-16T10:32:59-07:00,0,60
global.js,55,js,8be70ff0,auchung,2025-10-16,10:44:24,-07:00,2025-10-16T10:44:24-07:00,0,0
global.js,56,js,8be70ff0,auchung,2025-10-16,10:44:24,-07:00,2025-10-16T10:44:24-07:00,0,76
global.js,57,js,8be70ff0,auchung,2025-10-16,10:44:24,-07:00,2025-10-16T10:44:24-07:00,0,73
global.js,58,js,8be70ff0,auchung,2025-10-16,10:44:24,-07:00,2025-10-16T10:44:24-07:00,0,76
global.js,59,js,8be70ff0,auchung,2025-10-16,10:44:24,-07:00,2025-10-16T10:44:24-07:00,0,0
global.js,60,js,8d69c196,auchung,2025-10-16,10:32:59,-07:00,2025-10-16T10:32:59-07:00,0,30
global.js,61,js,8d69c196,auchung,2025-10-16,10:32:59,-07:00,2025-10-16T10:32:59-07:00,1,64
global.js,62,js,8d69c196,auchung,2025-10-16,10:32:59,-07:00,2025-10-16T10:32:59-07:00,1,19
global.js,63,js,8d69c196,auchung,2025-10-16,10:32:59,-07:00,2025-10-16T10:32:59-07:00,0,0
global.js,64,js,8be70ff0,auchung,2025-10-16,10:44:24,-07:00,2025-10-16T10:44:24-07:00,0,0
global.js,65,js,8d69c196,auchung,2025-10-16,10:32:59,-07:00,2025-10-16T10:32:59-07:00,0,34
global.js,66,js,8d69c196,auchung,2025-10-16,10:32:59,-07:00,2025-10-16T10:32:59-07:00,1,39
global.js,67,js,8d69c196,auchung,2025-10-16,10:32:59,-07:00,2025-10-16T10:32:59-07:00,0,6
global.js,68,js,8d69c196,auchung,2025-10-16,10:32:59,-07:00,2025-10-16T10:32:59-07:00,1,27
global.js,69,js,8d69c196,auchung,2025-10-16,10:32:59,-07:00,2025-10-16T10:32:59-07:00,0,0
global.js,70,js,8d69c196,auchung,2025-10-16,10:32:59,-07:00,2025-10-16T10:32:59-07:00,0,43
global.js,71,js,8d69c196,auchung,2025-10-16,10:32:59,-07:00,2025-10-16T10:32:59-07:00,1,35
global.js,72,js,8d69c196,auchung,2025-10-16,10:32:59,-07:00,2025-10-16T10:32:59-07:00,1,24
global.js,73,js,8d69c196,auchung,2025-10-16,10:32:59,-07:00,2025-10-16T10:32:59-07:00,1,35
global.js,74,js,8d69c196,auchung,2025-10-16,10:32:59,-07:00,2025-10-16T10:32:59-07:00,1,49
global.js,75,js,8d69c196,auchung,2025-10-16,10:32:59,-07:00,2025-10-16T10:32:59-07:00,0,1
global.js,76,js,8d69c196,auchung,2025-10-16,10:32:59,-07:00,2025-10-16T10:32:59-07:00,0,0
global.js,77,js,8be70ff0,auchung,2025-10-16,10:44:24,-07:00,2025-10-16T10:44:24-07:00,0,0
global.js,78,js,8be70ff0,auchung,2025-10-16,10:44:24,-07:00,2025-10-16T10:44:24-07:00,0,0
global.js,79,js,8d69c196,auchung,2025-10-16,10:32:59,-07:00,2025-10-16T10:32:59-07:00,0,28
global.js,80,js,c8c5db60,auchung,2025-10-13,14:44:04,-07:00,2025-10-13T14:44:04-07:00,0,55
global.js,81,js,c8c5db60,auchung,2025-10-13,14:44:04,-07:00,2025-10-13T14:44:04-07:00,2,22
global.js,82,js,c8c5db60,auchung,2025-10-13,14:44:04,-07:00,2025-10-13T14:44:04-07:00,3,35
global.js,83,js,c8c5db60,auchung,2025-10-13,14:44:04,-07:00,2025-10-13T14:44:04-07:00,4,51
global.js,84,js,c8c5db60,auchung,2025-10-13,14:44:04,-07:00,2025-10-13T14:44:04-07:00,4,31
global.js,85,js,c8c5db60,auchung,2025-10-13,14:44:04,-07:00,2025-10-13T14:44:04-07:00,4,29
global.js,86,js,c8c5db60,auchung,2025-10-13,14:44:04,-07:00,2025-10-13T14:44:04-07:00,3,1
global.js,87,js,8d69c196,auchung,2025-10-16,10:32:59,-07:00,2025-10-16T10:32:59-07:00,2,1
global.js,88,js,8d69c196,auchung,2025-10-16,10:32:59,-07:00,2025-10-16T10:32:59-07:00,0,0
global.js,89,js,8d69c196,auchung,2025-10-16,10:32:59,-07:00,2025-10-16T10:32:59-07:00,0,0
global.js,90,js,8d69c196,auchung,2025-10-16,10:32:59,-07:00,2025-10-16T10:32:59-07:00,0,8
global.js,91,js,8d69c196,auchung,2025-10-16,10:32:59,-07:00,2025-10-16T10:32:59-07:00,0,42
global.js,92,js,8d69c196,auchung,2025-10-16,10:32:59,-07:00,2025-10-16T10:32:59-07:00,0,43
global.js,93,js,8d69c196,auchung,2025-10-16,10:32:59,-07:00,2025-10-16T10:32:59-07:00,1,21
global.js,94,js,8d69c196,auchung,2025-10-16,10:32:59,-07:00,2025-10-16T10:32:59-07:00,1,30
global.js,95,js,8d69c196,auchung,2025-10-16,10:32:59,-07:00,2025-10-16T10:32:59-07:00,1,26
global.js,96,js,8d69c196,auchung,2025-10-16,10:32:59,-07:00,2025-10-16T10:32:59-07:00,1,16
global.js,97,js,8d69c196,auchung,2025-10-16,10:32:59,-07:00,2025-10-16T10:32:59-07:00,0,0
global.js,98,js,8d69c196,auchung,2025-10-16,10:32:59,-07:00,2025-10-16T10:32:59-07:00,1,31
global.js,99,js,8d69c196,auchung,2025-10-16,10:32:59,-07:00,2025-10-16T10:32:59-07:00,2,50
global.js,100,js,8d69c196,auchung,2025-10-16,10:32:59,-07:00,2025-10-16T10:32:59-07:00,1,0
global.js,101,js,8d69c196,auchung,2025-10-16,10:32:59,-07:00,2025-10-16T10:32:59-07:00,1,22
global.js,102,js,8d69c196,auchung,2025-10-16,10:32:59,-07:00,2025-10-16T10:32:59-07:00,1,18
global.js,103,js,8d69c196,auchung,2025-10-16,10:32:59,-07:00,2025-10-16T10:32:59-07:00,1,11
global.js,104,js,96fd37a8,auchung,2025-10-18,19:43:11,-07:00,2025-10-18T19:43:11-07:00,0,1
global.js,105,js,96fd37a8,auchung,2025-10-18,19:43:11,-07:00,2025-10-18T19:43:11-07:00,0,0
global.js,106,js,96fd37a8,auchung,2025-10-18,19:43:11,-07:00,2025-10-18T19:43:11-07:00,0,0
global.js,107,js,96fd37a8,auchung,2025-10-18,19:43:11,-07:00,2025-10-18T19:43:11-07:00,0,36
global.js,108,js,96fd37a8,auchung,2025-10-18,19:43:11,-07:00,2025-10-18T19:43:11-07:00,1,3
global.js,109,js,96fd37a8,auchung,2025-10-18,19:43:11,-07:00,2025-10-18T19:43:11-07:00,2,39
global.js,110,js,96fd37a8,auchung,2025-10-18,19:43:11,-07:00,2025-10-18T19:43:11-07:00,2,32
global.js,111,js,96fd37a8,auchung,2025-10-18,19:43:11,-07:00,2025-10-18T19:43:11-07:00,2,17
global.js,112,js,96fd37a8,auchung,2025-10-18,19:43:11,-07:00,2025-10-18T19:43:11-07:00,3,66
global.js,113,js,96fd37a8,auchung,2025-10-18,19:43:11,-07:00,2025-10-18T19:43:11-07:00,2,0
global.js,114,js,96fd37a8,auchung,2025-10-18,19:43:11,-07:00,2025-10-18T19:43:11-07:00,2,33
global.js,115,js,96fd37a8,auchung,2025-10-18,19:43:11,-07:00,2025-10-18T19:43:11-07:00,2,10
global.js,116,js,96fd37a8,auchung,2025-10-18,19:43:11,-07:00,2025-10-18T19:43:11-07:00,1,15
global.js,117,js,96fd37a8,auchung,2025-10-18,19:43:11,-07:00,2025-10-18T19:43:11-07:00,2,59
global.js,118,js,96fd37a8,auchung,2025-10-18,19:43:11,-07:00,2025-10-18T19:43:11-07:00,1,0
global.js,119,js,96fd37a8,auchung,2025-10-18,19:43:11,-07:00,2025-10-18T19:43:11-07:00,0,0
global.js,120,js,96fd37a8,auchung,2025-10-18,19:43:11,-07:00,2025-10-18T19:43:11-07:00,0,0
global.js,121,js,96fd37a8,auchung,2025-10-18,19:43:11,-07:00,2025-10-18T19:43:11-07:00,0,79
global.js,122,js,96fd37a8,auchung,2025-10-18,19:43:11,-07:00,2025-10-18T19:43:11-07:00,1,31
global.js,123,js,96fd37a8,auchung,2025-10-18,19:43:11,-07:00,2025-10-18T19:43:11-07:00,1,30
global.js,124,js,96fd37a8,auchung,2025-10-18,19:43:11,-07:00,2025-10-18T19:43:11-07:00,0,0
global.js,125,js,96fd37a8,auchung,2025-10-18,19:43:11,-07:00,2025-10-18T19:43:11-07:00,1,37
global.js,126,js,96fd37a8,auchung,2025-10-18,19:43:11,-07:00,2025-10-18T19:43:11-07:00,1,29
global.js,127,js,96fd37a8,auchung,2025-10-18,19:43:11,-07:00,2025-10-18T19:43:11-07:00,2,47
global.js,128,js,96fd37a8,auchung,2025-10-18,19:43:11,-07:00,2025-10-18T19:43:11-07:00,2,48
global.js,129,js,96fd37a8,auchung,2025-10-18,19:43:11,-07:00,2025-10-18T19:43:11-07:00,0,0
global.js,130,js,96fd37a8,auchung,2025-10-18,19:43:11,-07:00,2025-10-18T19:43:11-07:00,2,31
global.js,131,js,96fd37a8,auchung,2025-10-18,19:43:11,-07:00,2025-10-18T19:43:11-07:00,2,51
global.js,132,js,96fd37a8,auchung,2025-10-18,19:43:11,-07:00,2025-10-18T19:43:11-07:00,2,34
global.js,133,js,96fd37a8,auchung,2025-10-18,19:43:11,-07:00,2025-10-18T19:43:11-07:00,0,0
global.js,134,js,96fd37a8,auchung,2025-10-18,19:43:11,-07:00,2025-10-18T19:43:11-07:00,2,32
global.js,135,js,96fd37a8,auchung,2025-10-18,19:43:11,-07:00,2025-10-18T19:43:11-07:00,2,40
global.js,136,js,96fd37a8,auchung,2025-10-18,19:43:11,-07:00,2025-10-18T19:43:11-07:00,2,22
global.js,137,js,96fd37a8,auchung,2025-10-18,19:43:11,-07:00,2025-10-18T19:43:11-07:00,2,41
global.js,138,js,96fd37a8,auchung,2025-10-18,19:43:11,-07:00,2025-10-18T19:43:11-07:00,0,0
global.js,139,js,7cf03f7b,auchung,2025-10-29,14:59:04,-07:00,2025-10-29T14:59:04-07:00,2,50
global.js,140,js,7cf03f7b,auchung,2025-10-29,14:59:04,-07:00,2025-10-29T14:59:04-07:00,2,44
global.js,141,js,7cf03f7b,auchung,2025-10-29,14:59:04,-07:00,2025-10-29T14:59:04-07:00,2,36
global.js,142,js,7cf03f7b,auchung,2025-10-29,14:59:04,-07:00,2025-10-29T14:59:04-07:00,0,0
global.js,143,js,7cf03f7b,auchung,2025-10-29,14:59:04,-07:00,2025-10-29T14:59:04-07:00,2,37
global.js,144,js,96fd37a8,auchung,2025-10-18,19:43:11,-07:00,2025-10-18T19:43:11-07:00,2,36
global.js,145,js,96fd37a8,auchung,2025-10-18,19:43:11,-07:00,2025-10-18T19:43:11-07:00,2,34
global.js,146,js,96fd37a8,auchung,2025-10-18,19:43:11,-07:00,2025-10-18T19:43:11-07:00,0,0
global.js,147,js,7cf03f7b,auchung,2025-10-29,14:59:04,-07:00,2025-10-29T14:59:04-07:00,2,28
global.js,148,js,7cf03f7b,auchung,2025-10-29,14:59:04,-07:00,2025-10-29T14:59:04-07:00,2,39
global.js,149,js,7cf03f7b,auchung,2025-10-29,14:59:04,-07:00,2025-10-29T14:59:04-07:00,2,33
global.js,150,js,7cf03f7b,auchung,2025-10-29,14:59:04,-07:00,2025-10-29T14:59:04-07:00,2,38
global.js,151,js,7cf03f7b,auchung,2025-10-29,14:59:04,-07:00,2025-10-29T14:59:04-07:00,0,0
global.js,152,js,7cf03f7b,auchung,2025-10-29,14:59:04,-07:00,2025-10-29T14:59:04-07:00,2,48
global.js,153,js,7cf03f7b,auchung,2025-10-29,14:59:04,-07:00,2025-10-29T14:59:04-07:00,2,21
global.js,154,js,7cf03f7b,auchung,2025-10-29,14:59:04,-07:00,2025-10-29T14:59:04-07:00,2,24
global.js,155,js,7cf03f7b,auchung,2025-10-29,14:59:04,-07:00,2025-10-29T14:59:04-07:00,0,0
global.js,156,js,7cf03f7b,auchung,2025-10-29,14:59:04,-07:00,2025-10-29T14:59:04-07:00,2,42
global.js,157,js,96fd37a8,auchung,2025-10-18,19:43:11,-07:00,2025-10-18T19:43:11-07:00,2,27
global.js,158,js,96fd37a8,auchung,2025-10-18,19:43:11,-07:00,2025-10-18T19:43:11-07:00,2,23
global.js,159,js,7cf03f7b,auchung,2025-10-29,14:59:04,-07:00,2025-10-29T14:59:04-07:00,2,27
global.js,160,js,96fd37a8,auchung,2025-10-18,19:43:11,-07:00,2025-10-18T19:43:11-07:00,0,0
global.js,161,js,7cf03f7b,auchung,2025-10-29,14:59:04,-07:00,2025-10-29T14:59:04-07:00,2,43
global.js,162,js,96fd37a8,auchung,2025-10-18,19:43:11,-07:00,2025-10-18T19:43:11-07:00,2,36
global.js,163,js,96fd37a8,auchung,2025-10-18,19:43:11,-07:00,2025-10-18T19:43:11-07:00,1,0
global.js,164,js,b0aa0f0f,auchung,2025-10-18,21:15:53,-07:00,2025-10-18T21:15:53-07:00,0,0
global.js,165,js,b0aa0f0f,auchung,2025-10-18,21:15:53,-07:00,2025-10-18T21:15:53-07:00,0,0
global.js,166,js,b0aa0f0f,auchung,2025-10-18,21:15:53,-07:00,2025-10-18T21:15:53-07:00,0,47
global.js,167,js,b0aa0f0f,auchung,2025-10-18,21:15:53,-07:00,2025-10-18T21:15:53-07:00,2,65
global.js,168,js,7cf03f7b,auchung,2025-10-29,14:59:04,-07:00,2025-10-29T14:59:04-07:00,1,0
global.js,169,js,7cf03f7b,auchung,2025-10-29,14:59:04,-07:00,2025-10-29T14:59:04-07:00,0,0
resume/index.html,1,html,0001515c,auchung,2025-10-01,15:49:53,-07:00,2025-10-01T15:49:53-07:00,0,13
resume/index.html,2,html,0001515c,auchung,2025-10-01,15:49:53,-07:00,2025-10-01T15:49:53-07:00,0,14
resume/index.html,3,html,0001515c,auchung,2025-10-01,15:49:53,-07:00,2025-10-01T15:49:53-07:00,0,4
resume/index.html,4,html,daeddc13,auchung,2025-10-08,21:01:21,-07:00,2025-10-08T21:01:21-07:00,1,20
resume/index.html,5,html,daeddc13,auchung,2025-10-08,21:01:21,-07:00,2025-10-08T21:01:21-07:00,1,68
resume/index.html,6,html,dbd3e691,auchung,2025-10-16,10:50:37,-07:00,2025-10-16T10:50:37-07:00,1,33
resume/index.html,7,html,daeddc13,auchung,2025-10-08,21:01:21,-07:00,2025-10-08T21:01:21-07:00,1,41
resume/index.html,8,html,daeddc13,auchung,2025-10-08,21:01:21,-07:00,2025-10-08T21:01:21-07:00,1,5
resume/index.html,9,html,daeddc13,auchung,2025-10-08,21:01:21,-07:00,2025-10-08T21:01:21-07:00,2,7
resume/index.html,10,html,daeddc13,auchung,2025-10-08,21:01:21,-07:00,2025-10-08T21:01:21-07:00,3,28
resume/index.html,11,html,daeddc13,auchung,2025-10-08,21:01:21,-07:00,2025-10-08T21:01:21-07:00,3,17
resume/index.html,12,html,daeddc13,auchung,2025-10-08,21:01:21,-07:00,2025-10-08T21:01:21-07:00,3,18
resume/index.html,13,html,daeddc13,auchung,2025-10-08,21:01:21,-07:00,2025-10-08T21:01:21-07:00,2,0
resume/index.html,14,html,daeddc13,auchung,2025-10-08,21:01:21,-07:00,2025-10-08T21:01:21-07:00,0,0
resume/index.html,15,html,daeddc13,auchung,2025-10-08,21:01:21,-07:00,2025-10-08T21:01:21-07:00,2,6
resume/index.html,16,html,daeddc13,auchung,2025-10-08,21:01:21,-07:00,2025-10-08T21:01:21-07:00,3,12
resume/index.html,17,html,daeddc13,auchung,2025-10-08,21:01:21,-07:00,2025-10-08T21:01:21-07:00,3,18
resume/index.html,18,html,db5f36c0,auchung,2025-10-08,21:15:58,-07:00,2025-10-08T21:15:58-07:00,3,46
resume/index.html,19,html,daeddc13,auchung,2025-10-08,21:01:21,-07:00,2025-10-08T21:01:21-07:00,3,14
resume/index.html,20,html,daeddc13,auchung,2025-10-08,21:01:21,-07:00,2025-10-08T21:01:21-07:00,2,0
resume/index.html,21,html,daeddc13,auchung,2025-10-08,21:01:21,-07:00,2025-10-08T21:01:21-07:00,0,0
resume/index.html,22,html,daeddc13,auchung,2025-10-08,21:01:21,-07:00,2025-10-08T21:01:21-07:00,2,9
resume/index.html,23,html,daeddc13,auchung,2025-10-08,21:01:21,-07:00,2025-10-08T21:01:21-07:00,3,8
resume/index.html,24,html,db5f36c0,auchung,2025-10-08,21:15:58,-07:00,2025-10-08T21:15:58-07:00,3,44
resume/index.html,25,html,daeddc13,auchung,2025-10-08,21:01:21,-07:00,2025-10-08T21:01:21-07:00,2,0
resume/index.html,26,html,daeddc13,auchung,2025-10-08,21:01:21,-07:00,2025-10-08T21:01:21-07:00,0,0
resume/index.html,27,html,daeddc13,auchung,2025-10-08,21:01:21,-07:00,2025-10-08T21:01:21-07:00,2,8
resume/index.html,28,html,daeddc13,auchung,2025-10-08,21:01:21,-07:00,2025-10-08T21:01:21-07:00,3,12
resume/index.html,29,html,daeddc13,auchung,2025-10-08,21:01:21,-07:00,2025-10-08T21:01:21-07:00,3,16
resume/index.html,30,html,db5f36c0,auchung,2025-10-08,21:15:58,-07:00,2025-10-08T21:15:58-07:00,3,57
resume/index.html,31,html,db5f36c0,auchung,2025-10-08,21:15:58,-07:00,2025-10-08T21:15:58-07:00,3,39
resume/index.html,32,html,daeddc13,auchung,2025-10-08,21:01:21,-07:00,2025-10-08T21:01:21-07:00,2,0
resume/index.html,33,html,daeddc13,auchung,2025-10-08,21:01:21,-07:00,2025-10-08T21:01:21-07:00,0,0
resume/index.html,34,html,daeddc13,auchung,2025-10-08,21:01:21,-07:00,2025-10-08T21:01:21-07:00,2,13
resume/index.html,35,html,daeddc13,auchung,2025-10-08,21:01:21,-07:00,2025-10-08T21:01:21-07:00,3,13
resume/index.html,36,html,db5f36c0,auchung,2025-10-08,21:15:58,-07:00,2025-10-08T21:15:58-07:00,3,26
resume/index.html,37,html,daeddc13,auchung,2025-10-08,21:01:21,-07:00,2025-10-08T21:01:21-07:00,2,0
resume/index.html,38,html,daeddc13,auchung,2025-10-08,21:01:21,-07:00,2025-10-08T21:01:21-07:00,0,0
resume/index.html,39,html,daeddc13,auchung,2025-10-08,21:01:21,-07:00,2025-10-08T21:01:21-07:00,2,11
resume/index.html,40,html,daeddc13,auchung,2025-10-08,21:01:21,-07:00,2025-10-08T21:01:21-07:00,3,15
resume/index.html,41,html,daeddc13,auchung,2025-10-08,21:01:21,-07:00,2025-10-08T21:01:21-07:00,3,11
resume/index.html,42,html,daeddc13,auchung,2025-10-08,21:01:21,-07:00,2025-10-08T21:01:21-07:00,3,15
resume/index.html,43,html,daeddc13,auchung,2025-10-08,21:01:21,-07:00,2025-10-08T21:01:21-07:00,3,14
resume/index.html,44,html,daeddc13,auchung,2025-10-08,21:01:21,-07:00,2025-10-08T21:01:21-07:00,3,25
resume/index.html,45,html,daeddc13,auchung,2025-10-08,21:01:21,-07:00,2025-10-08T21:01:21-07:00,2,0
resume/index.html,46,html,daeddc13,auchung,2025-10-08,21:01:21,-07:00,2025-10-08T21:01:21-07:00,0,0
resume/index.html,47,html,daeddc13,auchung,2025-10-08,21:01:21,-07:00,2025-10-08T21:01:21-07:00,2,18
resume/index.html,48,html,db5f36c0,auchung,2025-10-08,21:15:58,-07:00,2025-10-08T21:15:58-07:00,3,23
resume/index.html,49,html,db5f36c0,auchung,2025-10-08,21:15:58,-07:00,2025-10-08T21:15:58-07:00,2,0
resume/index.html,50,html,db5f36c0,auchung,2025-10-08,21:15:58,-07:00,2025-10-08T21:15:58-07:00,0,0
resume/index.html,51,html,db5f36c0,auchung,2025-10-08,21:15:58,-07:00,2025-10-08T21:15:58-07:00,2,17
resume/index.html,52,html,db5f36c0,auchung,2025-10-08,21:15:58,-07:00,2025-10-08T21:15:58-07:00,3,47
resume/index.html,53,html,db5f36c0,auchung,2025-10-08,21:15:58,-07:00,2025-10-08T21:15:58-07:00,3,42
resume/index.html,54,html,daeddc13,auchung,2025-10-08,21:01:21,-07:00,2025-10-08T21:01:21-07:00,2,0
resume/index.html,55,html,daeddc13,auchung,2025-10-08,21:01:21,-07:00,2025-10-08T21:01:21-07:00,1,6
resume/index.html,56,html,0001515c,auchung,2025-10-01,15:49:53,-07:00,2025-10-01T15:49:53-07:00,0,5
resume/index.html,57,html,0001515c,auchung,2025-10-01,15:49:53,-07:00,2025-10-01T15:49:53-07:00,0,4
resume/index.html,58,html,daeddc13,auchung,2025-10-08,21:01:21,-07:00,2025-10-08T21:01:21-07:00,0,0
resume/index.html,59,html,daeddc13,auchung,2025-10-08,21:01:21,-07:00,2025-10-08T21:01:21-07:00,1,13
resume/index.html,60,html,daeddc13,auchung,2025-10-08,21:01:21,-07:00,2025-10-08T21:01:21-07:00,0,0
resume/index.html,61,html,daeddc13,auchung,2025-10-08,21:01:21,-07:00,2025-10-08T21:01:21-07:00,1,7
resume/index.html,62,html,daeddc13,auchung,2025-10-08,21:01:21,-07:00,2025-10-08T21:01:21-07:00,2,6
resume/index.html,63,html,ae94a663,auchung,2025-10-08,21:09:01,-07:00,2025-10-08T21:09:01-07:00,3,35
resume/index.html,64,html,db5f36c0,auchung,2025-10-08,21:15:58,-07:00,2025-10-08T21:15:58-07:00,3,16
resume/index.html,65,html,daeddc13,auchung,2025-10-08,21:01:21,-07:00,2025-10-08T21:01:21-07:00,2,7
resume/index.html,66,html,daeddc13,auchung,2025-10-08,21:01:21,-07:00,2025-10-08T21:01:21-07:00,2,19
resume/index.html,67,html,daeddc13,auchung,2025-10-08,21:01:21,-07:00,2025-10-08T21:01:21-07:00,3,7
resume/index.html,68,html,daeddc13,auchung,2025-10-08,21:01:21,-07:00,2025-10-08T21:01:21-07:00,4,42
resume/index.html,69,html,daeddc13,auchung,2025-10-08,21:01:21,-07:00,2025-10-08T21:01:21-07:00,4,40
resume/index.html,70,html,daeddc13,auchung,2025-10-08,21:01:21,-07:00,2025-10-08T21:01:21-07:00,4,82
resume/index.html,71,html,daeddc13,auchung,2025-10-08,21:01:21,-07:00,2025-10-08T21:01:21-07:00,4,39
resume/index.html,72,html,daeddc13,auchung,2025-10-08,21:01:21,-07:00,2025-10-08T21:01:21-07:00,4,14
resume/index.html,73,html,daeddc13,auchung,2025-10-08,21:01:21,-07:00,2025-10-08T21:01:21-07:00,3,8
resume/index.html,74,html,daeddc13,auchung,2025-10-08,21:01:21,-07:00,2025-10-08T21:01:21-07:00,2,4
resume/index.html,75,html,daeddc13,auchung,2025-10-08,21:01:21,-07:00,2025-10-08T21:01:21-07:00,1,8
resume/index.html,76,html,daeddc13,auchung,2025-10-08,21:01:21,-07:00,2025-10-08T21:01:21-07:00,0,0
resume/index.html,77,html,daeddc13,auchung,2025-10-08,21:01:21,-07:00,2025-10-08T21:01:21-07:00,1,7
resume/index.html,78,html,daeddc13,auchung,2025-10-08,21:01:21,-07:00,2025-10-08T21:01:21-07:00,2,6
resume/index.html,79,html,ae94a663,auchung,2025-10-08,21:09:01,-07:00,2025-10-08T21:09:01-07:00,3,35
resume/index.html,80,html,db5f36c0,auchung,2025-10-08,21:15:58,-07:00,2025-10-08T21:15:58-07:00,3,22
resume/index.html,81,html,daeddc13,auchung,2025-10-08,21:01:21,-07:00,2025-10-08T21:01:21-07:00,2,7
resume/index.html,82,html,daeddc13,auchung,2025-10-08,21:01:21,-07:00,2025-10-08T21:01:21-07:00,2,19
resume/index.html,83,html,daeddc13,auchung,2025-10-08,21:01:21,-07:00,2025-10-08T21:01:21-07:00,3,7
resume/index.html,84,html,daeddc13,auchung,2025-10-08,21:01:21,-07:00,2025-10-08T21:01:21-07:00,4,38
resume/index.html,85,html,daeddc13,auchung,2025-10-08,21:01:21,-07:00,2025-10-08T21:01:21-07:00,4,18
resume/index.html,86,html,daeddc13,auchung,2025-10-08,21:01:21,-07:00,2025-10-08T21:01:21-07:00,4,50
resume/index.html,87,html,daeddc13,auchung,2025-10-08,21:01:21,-07:00,2025-10-08T21:01:21-07:00,4,2
resume/index.html,88,html,daeddc13,auchung,2025-10-08,21:01:21,-07:00,2025-10-08T21:01:21-07:00,5,106
resume/index.html,89,html,daeddc13,auchung,2025-10-08,21:01:21,-07:00,2025-10-08T21:01:21-07:00,5,73
resume/index.html,90,html,daeddc13,auchung,2025-10-08,21:01:21,-07:00,2025-10-08T21:01:21-07:00,5,82
resume/index.html,91,html,daeddc13,auchung,2025-10-08,21:01:21,-07:00,2025-10-08T21:01:21-07:00,4,3
resume/index.html,92,html,daeddc13,auchung,2025-10-08,21:01:21,-07:00,2025-10-08T21:01:21-07:00,3,8
resume/index.html,93,html,daeddc13,auchung,2025-10-08,21:01:21,-07:00,2025-10-08T21:01:21-07:00,0,0
resume/index.html,94,html,daeddc13,auchung,2025-10-08,21:01:21,-07:00,2025-10-08T21:01:21-07:00,3,7
resume/index.html,95,html,daeddc13,auchung,2025-10-08,21:01:21,-07:00,2025-10-08T21:01:21-07:00,4,23
resume/index.html,96,html,daeddc13,auchung,2025-10-08,21:01:21,-07:00,2025-10-08T21:01:21-07:00,4,33
resume/index.html,97,html,daeddc13,auchung,2025-10-08,21:01:21,-07:00,2025-10-08T21:01:21-07:00,4,51
resume/index.html,98,html,daeddc13,auchung,2025-10-08,21:01:21,-07:00,2025-10-08T21:01:21-07:00,4,2
resume/index.html,99,html,daeddc13,auchung,2025-10-08,21:01:21,-07:00,2025-10-08T21:01:21-07:00,5,73
resume/index.html,100,html,daeddc13,auchung,2025-10-08,21:01:21,-07:00,2025-10-08T21:01:21-07:00,5,60
resume/index.html,101,html,daeddc13,auchung,2025-10-08,21:01:21,-07:00,2025-10-08T21:01:21-07:00,4,3
resume/index.html,102,html,daeddc13,auchung,2025-10-08,21:01:21,-07:00,2025-10-08T21:01:21-07:00,3,8
resume/index.html,103,html,daeddc13,auchung,2025-10-08,21:01:21,-07:00,2025-10-08T21:01:21-07:00,0,0
resume/index.html,104,html,daeddc13,auchung,2025-10-08,21:01:21,-07:00,2025-10-08T21:01:21-07:00,3,7
resume/index.html,105,html,daeddc13,auchung,2025-10-08,21:01:21,-07:00,2025-10-08T21:01:21-07:00,4,18
resume/index.html,106,html,daeddc13,auchung,2025-10-08,21:01:21,-07:00,2025-10-08T21:01:21-07:00,4,21
resume/index.html,107,html,daeddc13,auchung,2025-10-08,21:01:21,-07:00,2025-10-08T21:01:21-07:00,4,85
resume/index.html,108,html,daeddc13,auchung,2025-10-08,21:01:21,-07:00,2025-10-08T21:01:21-07:00,4,2
resume/index.html,109,html,daeddc13,auchung,2025-10-08,21:01:21,-07:00,2025-10-08T21:01:21-07:00,5,66
resume/index.html,110,html,daeddc13,auchung,2025-10-08,21:01:21,-07:00,2025-10-08T21:01:21-07:00,5,55
resume/index.html,111,html,daeddc13,auchung,2025-10-08,21:01:21,-07:00,2025-10-08T21:01:21-07:00,4,3
resume/index.html,112,html,daeddc13,auchung,2025-10-08,21:01:21,-07:00,2025-10-08T21:01:21-07:00,3,8
resume/index.html,113,html,daeddc13,auchung,2025-10-08,21:01:21,-07:00,2025-10-08T21:01:21-07:00,2,4
resume/index.html,114,html,daeddc13,auchung,2025-10-08,21:01:21,-07:00,2025-10-08T21:01:21-07:00,1,8
resume/index.html,115,html,daeddc13,auchung,2025-10-08,21:01:21,-07:00,2025-10-08T21:01:21-07:00,0,0
resume/index.html,116,html,daeddc13,auchung,2025-10-08,21:01:21,-07:00,2025-10-08T21:01:21-07:00,1,7
resume/index.html,117,html,daeddc13,auchung,2025-10-08,21:01:21,-07:00,2025-10-08T21:01:21-07:00,2,6
resume/index.html,118,html,ae94a663,auchung,2025-10-08,21:09:01,-07:00,2025-10-08T21:09:01-07:00,3,35
resume/index.html,119,html,db5f36c0,auchung,2025-10-08,21:15:58,-07:00,2025-10-08T21:15:58-07:00,3,40
resume/index.html,120,html,daeddc13,auchung,2025-10-08,21:01:21,-07:00,2025-10-08T21:01:21-07:00,2,7
resume/index.html,121,html,daeddc13,auchung,2025-10-08,21:01:21,-07:00,2025-10-08T21:01:21-07:00,2,19
resume/index.html,122,html,daeddc13,auchung,2025-10-08,21:01:21,-07:00,2025-10-08T21:01:21-07:00,3,7
resume/index.html,123,html,daeddc13,auchung,2025-10-08,21:01:21,-07:00,2025-10-08T21:01:21-07:00,4,16
resume/index.html,124,html,daeddc13,auchung,2025-10-08,21:01:21,-07:00,2025-10-08T21:01:21-07:00,4,88
resume/index.html,125,html,daeddc13,auchung,2025-10-08,21:01:21,-07:00,2025-10-08T21:01:21-07:00,4,2
resume/index.html,126,html,daeddc13,auchung,2025-10-08,21:01:21,-07:00,2025-10-08T21:01:21-07:00,5,66
resume/index.html,127,html,daeddc13,auchung,2025-10-08,21:01:21,-07:00,2025-10-08T21:01:21-07:00,5,82
resume/index.html,128,html,ae94a663,auchung,2025-10-08,21:09:01,-07:00,2025-10-08T21:09:01-07:00,4,3
resume/index.html,129,html,ae94a663,auchung,2025-10-08,21:09:01,-07:00,2025-10-08T21:09:01-07:00,3,8
resume/index.html,130,html,ae94a663,auchung,2025-10-08,21:09:01,-07:00,2025-10-08T21:09:01-07:00,2,4
resume/index.html,131,html,ae94a663,auchung,2025-10-08,21:09:01,-07:00,2025-10-08T21:09:01-07:00,1,8
resume/index.html,132,html,79f6f4ca,auchung,2025-10-08,20:57:07,-07:00,2025-10-08T20:57:07-07:00,0,0
resume/index.html,133,html,ae94a663,auchung,2025-10-08,21:09:01,-07:00,2025-10-08T21:09:01-07:00,1,7
resume/index.html,134,html,ae94a663,auchung,2025-10-08,21:09:01,-07:00,2025-10-08T21:09:01-07:00,2,6
resume/index.html,135,html,ae94a663,auchung,2025-10-08,21:09:01,-07:00,2025-10-08T21:09:01-07:00,3,35
resume/index.html,136,html,db5f36c0,auchung,2025-10-08,21:15:58,-07:00,2025-10-08T21:15:58-07:00,3,13
resume/index.html,137,html,ae94a663,auchung,2025-10-08,21:09:01,-07:00,2025-10-08T21:09:01-07:00,2,7
resume/index.html,138,html,ae94a663,auchung,2025-10-08,21:09:01,-07:00,2025-10-08T21:09:01-07:00,2,19
resume/index.html,139,html,ae94a663,auchung,2025-10-08,21:09:01,-07:00,2025-10-08T21:09:01-07:00,3,146
resume/index.html,140,html,ae94a663,auchung,2025-10-08,21:09:01,-07:00,2025-10-08T21:09:01-07:00,3,89
resume/index.html,141,html,ae94a663,auchung,2025-10-08,21:09:01,-07:00,2025-10-08T21:09:01-07:00,2,4
resume/index.html,142,html,ae94a663,auchung,2025-10-08,21:09:01,-07:00,2025-10-08T21:09:01-07:00,1,8
resume/index.html,143,html,ae94a663,auchung,2025-10-08,21:09:01,-07:00,2025-10-08T21:09:01-07:00,0,0
resume/index.html,144,html,62d25a11,auchung,2025-10-13,14:45:56,-07:00,2025-10-13T14:45:56-07:00,1,48
resume/index.html,145,html,62d25a11,auchung,2025-10-13,14:45:56,-07:00,2025-10-13T14:45:56-07:00,0,0
resume/index.html,146,html,ae94a663,auchung,2025-10-08,21:09:01,-07:00,2025-10-08T21:09:01-07:00,0,5
resume/index.html,147,html,db5f36c0,auchung,2025-10-08,21:15:58,-07:00,2025-10-08T21:15:58-07:00,0,5
projects/projects.js,1,js,96fd37a8,auchung,2025-10-18,19:43:11,-07:00,2025-10-18T19:43:11-07:00,0,55
projects/projects.js,2,js,7cf03f7b,auchung,2025-10-29,14:59:04,-07:00,2025-10-29T14:59:04-07:00,0,63
projects/projects.js,3,js,96fd37a8,auchung,2025-10-18,19:43:11,-07:00,2025-10-18T19:43:11-07:00,0,0
projects/projects.js,4,js,96fd37a8,auchung,2025-10-18,19:43:11,-07:00,2025-10-18T19:43:11-07:00,0,55
projects/projects.js,5,js,96fd37a8,auchung,2025-10-18,19:43:11,-07:00,2025-10-18T19:43:11-07:00,0,60
projects/projects.js,6,js,96fd37a8,auchung,2025-10-18,19:43:11,-07:00,2025-10-18T19:43:11-07:00,0,61
projects/projects.js,7,js,7cf03f7b,auchung,2025-10-29,14:59:04,-07:00,2025-10-29T14:59:04-07:00,0,55
projects/projects.js,8,js,7cf03f7b,auchung,2025-10-29,14:59:04,-07:00,2025-10-29T14:59:04-07:00,0,42
projects/projects.js,9,js,7cf03f7b,auchung,2025-10-29,14:59:04,-07:00,2025-10-29T14:59:04-07:00,0,34
projects/projects.js,10,js,96fd37a8,auchung,2025-10-18,19:43:11,-07:00,2025-10-18T19:43:11-07:00,0,0
projects/projects.js,11,js,7cf03f7b,auchung,2025-10-29,14:59:04,-07:00,2025-10-29T14:59:04-07:00,0,19
projects/projects.js,12,js,7cf03f7b,auchung,2025-10-29,14:59:04,-07:00,2025-10-29T14:59:04-07:00,0,21
projects/projects.js,13,js,7cf03f7b,auchung,2025-10-29,14:59:04,-07:00,2025-10-29T14:59:04-07:00,0,22
projects/projects.js,14,js,7cf03f7b,auchung,2025-10-29,14:59:04,-07:00,2025-10-29T14:59:04-07:00,0,0
projects/projects.js,15,js,997ca407,auchung,2025-10-30,09:53:11,-07:00,2025-10-30T09:53:11-07:00,0,48
projects/projects.js,16,js,997ca407,auchung,2025-10-30,09:53:11,-07:00,2025-10-30T09:53:11-07:00,0,73
projects/projects.js,17,js,997ca407,auchung,2025-10-30,09:53:11,-07:00,2025-10-30T09:53:11-07:00,0,23
projects/projects.js,18,js,997ca407,auchung,2025-10-30,09:53:11,-07:00,2025-10-30T09:53:11-07:00,0,0
projects/projects.js,19,js,7cf03f7b,auchung,2025-10-29,14:59:04,-07:00,2025-10-29T14:59:04-07:00,0,38
projects/projects.js,20,js,7cf03f7b,auchung,2025-10-29,14:59:04,-07:00,2025-10-29T14:59:04-07:00,2,30
projects/projects.js,21,js,7cf03f7b,auchung,2025-10-29,14:59:04,-07:00,2025-10-29T14:59:04-07:00,2,29
projects/projects.js,22,js,7cf03f7b,auchung,2025-10-29,14:59:04,-07:00,2025-10-29T14:59:04-07:00,2,30
projects/projects.js,23,js,997ca407,auchung,2025-10-30,09:53:11,-07:00,2025-10-30T09:53:11-07:00,0,0
projects/projects.js,24,js,7cf03f7b,auchung,2025-10-29,14:59:04,-07:00,2025-10-29T14:59:04-07:00,2,21
projects/projects.js,25,js,7cf03f7b,auchung,2025-10-29,14:59:04,-07:00,2025-10-29T14:59:04-07:00,2,26
projects/projects.js,26,js,997ca407,auchung,2025-10-30,09:53:11,-07:00,2025-10-30T09:53:11-07:00,4,12
projects/projects.js,27,js,997ca407,auchung,2025-10-30,09:53:11,-07:00,2025-10-30T09:53:11-07:00,4,14
projects/projects.js,28,js,997ca407,auchung,2025-10-30,09:53:11,-07:00,2025-10-30T09:53:11-07:00,4,11
projects/projects.js,29,js,7cf03f7b,auchung,2025-10-29,14:59:04,-07:00,2025-10-29T14:59:04-07:00,2,0
projects/projects.js,30,js,997ca407,auchung,2025-10-30,09:53:11,-07:00,2025-10-30T09:53:11-07:00,0,0
projects/projects.js,31,js,7cf03f7b,auchung,2025-10-29,14:59:04,-07:00,2025-10-29T14:59:04-07:00,2,76
projects/projects.js,32,js,7cf03f7b,auchung,2025-10-29,14:59:04,-07:00,2025-10-29T14:59:04-07:00,2,58
projects/projects.js,33,js,997ca407,auchung,2025-10-30,09:53:11,-07:00,2025-10-30T09:53:11-07:00,0,0
projects/projects.js,34,js,997ca407,auchung,2025-10-30,09:53:11,-07:00,2025-10-30T09:53:11-07:00,2,45
projects/projects.js,35,js,997ca407,auchung,2025-10-30,09:53:11,-07:00,2025-10-30T09:53:11-07:00,2,20
projects/projects.js,36,js,997ca407,auchung,2025-10-30,09:53:11,-07:00,2025-10-30T09:53:11-07:00,0,0
projects/projects.js,37,js,7cf03f7b,auchung,2025-10-29,14:59:04,-07:00,2025-10-29T14:59:04-07:00,2,21
projects/projects.js,38,js,7cf03f7b,auchung,2025-10-29,14:59:04,-07:00,2025-10-29T14:59:04-07:00,2,57
projects/projects.js,39,js,997ca407,auchung,2025-10-30,09:53:11,-07:00,2025-10-30T09:53:11-07:00,0,0
projects/projects.js,40,js,7cf03f7b,auchung,2025-10-29,14:59:04,-07:00,2025-10-29T14:59:04-07:00,2,18
projects/projects.js,41,js,7cf03f7b,auchung,2025-10-29,14:59:04,-07:00,2025-10-29T14:59:04-07:00,2,48
projects/projects.js,42,js,7cf03f7b,auchung,2025-10-29,14:59:04,-07:00,2025-10-29T14:59:04-07:00,2,33
projects/projects.js,43,js,7cf03f7b,auchung,2025-10-29,14:59:04,-07:00,2025-10-29T14:59:04-07:00,2,43
projects/projects.js,44,js,997ca407,auchung,2025-10-30,09:53:11,-07:00,2025-10-30T09:53:11-07:00,0,0
projects/projects.js,45,js,7cf03f7b,auchung,2025-10-29,14:59:04,-07:00,2025-10-29T14:59:04-07:00,2,12
projects/projects.js,46,js,7cf03f7b,auchung,2025-10-29,14:59:04,-07:00,2025-10-29T14:59:04-07:00,2,47
projects/projects.js,47,js,997ca407,auchung,2025-10-30,09:53:11,-07:00,2025-10-30T09:53:11-07:00,0,0
projects/projects.js,48,js,7cf03f7b,auchung,2025-10-29,14:59:04,-07:00,2025-10-29T14:59:04-07:00,2,10
projects/projects.js,49,js,7cf03f7b,auchung,2025-10-29,14:59:04,-07:00,2025-10-29T14:59:04-07:00,2,24
projects/projects.js,50,js,7cf03f7b,auchung,2025-10-29,14:59:04,-07:00,2025-10-29T14:59:04-07:00,4,16
projects/projects.js,51,js,997ca407,auchung,2025-10-30,09:53:11,-07:00,2025-10-30T09:53:11-07:00,6,13
projects/projects.js,52,js,997ca407,auchung,2025-10-30,09:53:11,-07:00,2025-10-30T09:53:11-07:00,6,22
projects/projects.js,53,js,997ca407,auchung,2025-10-30,09:53:11,-07:00,2025-10-30T09:53:11-07:00,6,18
projects/projects.js,54,js,997ca407,auchung,2025-10-30,09:53:11,-07:00,2025-10-30T09:53:11-07:00,8,17
projects/projects.js,55,js,997ca407,auchung,2025-10-30,09:53:11,-07:00,2025-10-30T09:53:11-07:00,8,43
projects/projects.js,56,js,997ca407,auchung,2025-10-30,09:53:11,-07:00,2025-10-30T09:53:11-07:00,6,0
projects/projects.js,57,js,997ca407,auchung,2025-10-30,09:53:11,-07:00,2025-10-30T09:53:11-07:00,8,34
projects/projects.js,58,js,997ca407,auchung,2025-10-30,09:53:11,-07:00,2025-10-30T09:53:11-07:00,8,69
projects/projects.js,59,js,997ca407,auchung,2025-10-30,09:53:11,-07:00,2025-10-30T09:53:11-07:00,8,56
projects/projects.js,60,js,997ca407,auchung,2025-10-30,09:53:11,-07:00,2025-10-30T09:53:11-07:00,8,81
projects/projects.js,61,js,997ca407,auchung,2025-10-30,09:53:11,-07:00,2025-10-30T09:53:11-07:00,6,0
projects/projects.js,62,js,997ca407,auchung,2025-10-30,09:53:11,-07:00,2025-10-30T09:53:11-07:00,8,25
projects/projects.js,63,js,997ca407,auchung,2025-10-30,09:53:11,-07:00,2025-10-30T09:53:11-07:00,8,19
projects/projects.js,64,js,997ca407,auchung,2025-10-30,09:53:11,-07:00,2025-10-30T09:53:11-07:00,10,71
projects/projects.js,65,js,997ca407,auchung,2025-10-30,09:53:11,-07:00,2025-10-30T09:53:11-07:00,10,68
projects/projects.js,66,js,997ca407,auchung,2025-10-30,09:53:11,-07:00,2025-10-30T09:53:11-07:00,6,0
projects/projects.js,67,js,997ca407,auchung,2025-10-30,09:53:11,-07:00,2025-10-30T09:53:11-07:00,8,14
projects/projects.js,68,js,997ca407,auchung,2025-10-30,09:53:11,-07:00,2025-10-30T09:53:11-07:00,8,20
projects/projects.js,69,js,997ca407,auchung,2025-10-30,09:53:11,-07:00,2025-10-30T09:53:11-07:00,10,91
projects/projects.js,70,js,997ca407,auchung,2025-10-30,09:53:11,-07:00,2025-10-30T09:53:11-07:00,6,1
projects/projects.js,71,js,7cf03f7b,auchung,2025-10-29,14:59:04,-07:00,2025-10-29T14:59:04-07:00,2,1
projects/projects.js,72,js,997ca407,auchung,2025-10-30,09:53:11,-07:00,2025-10-30T09:53:11-07:00,0,0
projects/projects.js,73,js,7cf03f7b,auchung,2025-10-29,14:59:04,-07:00,2025-10-29T14:59:04-07:00,2,12
projects/projects.js,74,js,7cf03f7b,auchung,2025-10-29,14:59:04,-07:00,2025-10-29T14:59:04-07:00,2,24
projects/projects.js,75,js,997ca407,auchung,2025-10-30,09:53:11,-07:00,2025-10-30T09:53:11-07:00,4,4
projects/projects.js,76,js,997ca407,auchung,2025-10-30,09:53:11,-07:00,2025-10-30T09:53:11-07:00,6,11
projects/projects.js,77,js,997ca407,auchung,2025-10-30,09:53:11,-07:00,2025-10-30T09:53:11-07:00,6,27
projects/projects.js,78,js,997ca407,auchung,2025-10-30,09:53:11,-07:00,2025-10-30T09:53:11-07:00,6,38
projects/projects.js,79,js,997ca407,auchung,2025-10-30,09:53:11,-07:00,2025-10-30T09:53:11-07:00,6,69
projects/projects.js,80,js,7cf03f7b,auchung,2025-10-29,14:59:04,-07:00,2025-10-29T14:59:04-07:00,2,1
projects/projects.js,81,js,997ca407,auchung,2025-10-30,09:53:11,-07:00,2025-10-30T09:53:11-07:00,0,0
projects/projects.js,82,js,7cf03f7b,auchung,2025-10-29,14:59:04,-07:00,2025-10-29T14:59:04-07:00,0,0
projects/projects.js,83,js,997ca407,auchung,2025-10-30,09:53:11,-07:00,2025-10-30T09:53:11-07:00,0,51
projects/projects.js,84,js,7cf03f7b,auchung,2025-10-29,14:59:04,-07:00,2025-10-29T14:59:04-07:00,2,17
projects/projects.js,85,js,997ca407,auchung,2025-10-30,09:53:11,-07:00,2025-10-30T09:53:11-07:00,4,75
projects/projects.js,86,js,997ca407,auchung,2025-10-30,09:53:11,-07:00,2025-10-30T09:53:11-07:00,4,56
projects/projects.js,87,js,997ca407,auchung,2025-10-30,09:53:11,-07:00,2025-10-30T09:53:11-07:00,0,0
projects/projects.js,88,js,997ca407,auchung,2025-10-30,09:53:11,-07:00,2025-10-30T09:53:11-07:00,0,0
projects/projects.js,89,js,997ca407,auchung,2025-10-30,09:53:11,-07:00,2025-10-30T09:53:11-07:00,0,48
projects/projects.js,90,js,7cf03f7b,auchung,2025-10-29,14:59:04,-07:00,2025-10-29T14:59:04-07:00,2,45
projects/projects.js,91,js,997ca407,auchung,2025-10-30,09:53:11,-07:00,2025-10-30T09:53:11-07:00,0,0
projects/projects.js,92,js,997ca407,auchung,2025-10-30,09:53:11,-07:00,2025-10-30T09:53:11-07:00,2,55
projects/projects.js,93,js,997ca407,auchung,2025-10-30,09:53:11,-07:00,2025-10-30T09:53:11-07:00,2,69
projects/projects.js,94,js,997ca407,auchung,2025-10-30,09:53:11,-07:00,2025-10-30T09:53:11-07:00,0,0
projects/projects.js,95,js,7cf03f7b,auchung,2025-10-29,14:59:04,-07:00,2025-10-29T14:59:04-07:00,2,56
projects/projects.js,96,js,997ca407,auchung,2025-10-30,09:53:11,-07:00,2025-10-30T09:53:11-07:00,2,81
projects/projects.js,97,js,997ca407,auchung,2025-10-30,09:53:11,-07:00,2025-10-30T09:53:11-07:00,0,0
projects/projects.js,98,js,997ca407,auchung,2025-10-30,09:53:11,-07:00,2025-10-30T09:53:11-07:00,2,19
projects/projects.js,99,js,997ca407,auchung,2025-10-30,09:53:11,-07:00,2025-10-30T09:53:11-07:00,4,71
projects/projects.js,100,js,997ca407,auchung,2025-10-30,09:53:11,-07:00,2025-10-30T09:53:11-07:00,4,68
projects/projects.js,101,js,997ca407,auchung,2025-10-30,09:53:11,-07:00,2025-10-30T09:53:11-07:00,4,0
projects/projects.js,102,js,997ca407,auchung,2025-10-30,09:53:11,-07:00,2025-10-30T09:53:11-07:00,2,20
projects/projects.js,103,js,997ca407,auchung,2025-10-30,09:53:11,-07:00,2025-10-30T09:53:11-07:00,4,91
projects/projects.js,104,js,997ca407,auchung,2025-10-30,09:53:11,-07:00,2025-10-30T09:53:11-07:00,0,0
projects/projects.js,105,js,997ca407,auchung,2025-10-30,09:53:11,-07:00,2025-10-30T09:53:11-07:00,0,1
projects/projects.js,106,js,997ca407,auchung,2025-10-30,09:53:11,-07:00,2025-10-30T09:53:11-07:00,0,0
projects/projects.js,107,js,96fd37a8,auchung,2025-10-18,19:43:11,-07:00,2025-10-18T19:43:11-07:00,0,0
projects/projects.js,108,js,96fd37a8,auchung,2025-10-18,19:43:11,-07:00,2025-10-18T19:43:11-07:00,0,0
projects/index.html,1,html,cc7be866,auchung,2025-10-01,14:23:10,-07:00,2025-10-01T14:23:10-07:00,0,13
projects/index.html,2,html,cc7be866,auchung,2025-10-01,14:23:10,-07:00,2025-10-01T14:23:10-07:00,0,14
projects/index.html,3,html,cc7be866,auchung,2025-10-01,14:23:10,-07:00,2025-10-01T14:23:10-07:00,0,4
projects/index.html,4,html,cc7be866,auchung,2025-10-01,14:23:10,-07:00,2025-10-01T14:23:10-07:00,2,20
projects/index.html,5,html,cc7be866,auchung,2025-10-01,14:23:10,-07:00,2025-10-01T14:23:10-07:00,2,68
projects/index.html,6,html,dbd3e691,auchung,2025-10-16,10:50:37,-07:00,2025-10-16T10:50:37-07:00,2,35
projects/index.html,7,html,dbf2ce87,auchung,2025-10-08,13:30:59,-07:00,2025-10-08T13:30:59-07:00,2,41
projects/index.html,8,html,cc7be866,auchung,2025-10-01,14:23:10,-07:00,2025-10-01T14:23:10-07:00,0,5
projects/index.html,9,html,cc7be866,auchung,2025-10-01,14:23:10,-07:00,2025-10-01T14:23:10-07:00,0,4
projects/index.html,10,html,96fd37a8,auchung,2025-10-18,19:43:11,-07:00,2025-10-18T19:43:11-07:00,1,38
projects/index.html,11,html,7cf03f7b,auchung,2025-10-29,14:59:04,-07:00,2025-10-29T14:59:04-07:00,1,21
projects/index.html,12,html,7cf03f7b,auchung,2025-10-29,14:59:04,-07:00,2025-10-29T14:59:04-07:00,2,50
projects/index.html,13,html,7cf03f7b,auchung,2025-10-29,14:59:04,-07:00,2025-10-29T14:59:04-07:00,2,4
projects/index.html,14,html,7cf03f7b,auchung,2025-10-29,14:59:04,-07:00,2025-10-29T14:59:04-07:00,2,17
projects/index.html,15,html,7cf03f7b,auchung,2025-10-29,14:59:04,-07:00,2025-10-29T14:59:04-07:00,2,3
projects/index.html,16,html,7cf03f7b,auchung,2025-10-29,14:59:04,-07:00,2025-10-29T14:59:04-07:00,1,4
projects/index.html,17,html,7cf03f7b,auchung,2025-10-29,14:59:04,-07:00,2025-10-29T14:59:04-07:00,1,19
projects/index.html,18,html,997ca407,auchung,2025-10-30,09:53:11,-07:00,2025-10-30T09:53:11-07:00,2,15
projects/index.html,19,html,7cf03f7b,auchung,2025-10-29,14:59:04,-07:00,2025-10-29T14:59:04-07:00,4,11
projects/index.html,20,html,7cf03f7b,auchung,2025-10-29,14:59:04,-07:00,2025-10-29T14:59:04-07:00,4,26
projects/index.html,21,html,7cf03f7b,auchung,2025-10-29,14:59:04,-07:00,2025-10-29T14:59:04-07:00,4,31
projects/index.html,22,html,7cf03f7b,auchung,2025-10-29,14:59:04,-07:00,2025-10-29T14:59:04-07:00,1,0
projects/index.html,23,html,96fd37a8,auchung,2025-10-18,19:43:11,-07:00,2025-10-18T19:43:11-07:00,1,26
projects/index.html,24,html,96fd37a8,auchung,2025-10-18,19:43:11,-07:00,2025-10-18T19:43:11-07:00,3,2
projects/index.html,25,html,e1432b79,auchung,2025-10-08,15:11:50,-07:00,2025-10-08T15:11:50-07:00,3,7
projects/index.html,26,html,e1432b79,auchung,2025-10-08,15:11:50,-07:00,2025-10-08T15:11:50-07:00,4,29
projects/index.html,27,html,e1432b79,auchung,2025-10-08,15:11:50,-07:00,2025-10-08T15:11:50-07:00,4,70
projects/index.html,28,html,e1432b79,auchung,2025-10-08,15:11:50,-07:00,2025-10-08T15:11:50-07:00,4,228
projects/index.html,29,html,e1432b79,auchung,2025-10-08,15:11:50,-07:00,2025-10-08T15:11:50-07:00,3,8
projects/index.html,30,html,e1432b79,auchung,2025-10-08,15:11:50,-07:00,2025-10-08T15:11:50-07:00,3,7
projects/index.html,31,html,e1432b79,auchung,2025-10-08,15:11:50,-07:00,2025-10-08T15:11:50-07:00,4,44
projects/index.html,32,html,e1432b79,auchung,2025-10-08,15:11:50,-07:00,2025-10-08T15:11:50-07:00,4,70
projects/index.html,33,html,e1432b79,auchung,2025-10-08,15:11:50,-07:00,2025-10-08T15:11:50-07:00,4,231
projects/index.html,34,html,e1432b79,auchung,2025-10-08,15:11:50,-07:00,2025-10-08T15:11:50-07:00,3,8
projects/index.html,35,html,e1432b79,auchung,2025-10-08,15:11:50,-07:00,2025-10-08T15:11:50-07:00,3,7
projects/index.html,36,html,e1432b79,auchung,2025-10-08,15:11:50,-07:00,2025-10-08T15:11:50-07:00,4,43
projects/index.html,37,html,e1432b79,auchung,2025-10-08,15:11:50,-07:00,2025-10-08T15:11:50-07:00,4,70
projects/index.html,38,html,e1432b79,auchung,2025-10-08,15:11:50,-07:00,2025-10-08T15:11:50-07:00,4,231
projects/index.html,39,html,e1432b79,auchung,2025-10-08,15:11:50,-07:00,2025-10-08T15:11:50-07:00,3,8
projects/index.html,40,html,e1432b79,auchung,2025-10-08,15:11:50,-07:00,2025-10-08T15:11:50-07:00,3,7
projects/index.html,41,html,e1432b79,auchung,2025-10-08,15:11:50,-07:00,2025-10-08T15:11:50-07:00,4,33
projects/index.html,42,html,e1432b79,auchung,2025-10-08,15:11:50,-07:00,2025-10-08T15:11:50-07:00,4,70
projects/index.html,43,html,e1432b79,auchung,2025-10-08,15:11:50,-07:00,2025-10-08T15:11:50-07:00,4,235
projects/index.html,44,html,e1432b79,auchung,2025-10-08,15:11:50,-07:00,2025-10-08T15:11:50-07:00,3,8
projects/index.html,45,html,e1432b79,auchung,2025-10-08,15:11:50,-07:00,2025-10-08T15:11:50-07:00,3,7
projects/index.html,46,html,e1432b79,auchung,2025-10-08,15:11:50,-07:00,2025-10-08T15:11:50-07:00,4,32
projects/index.html,47,html,e1432b79,auchung,2025-10-08,15:11:50,-07:00,2025-10-08T15:11:50-07:00,4,70
projects/index.html,48,html,e1432b79,auchung,2025-10-08,15:11:50,-07:00,2025-10-08T15:11:50-07:00,4,228
projects/index.html,49,html,e1432b79,auchung,2025-10-08,15:11:50,-07:00,2025-10-08T15:11:50-07:00,3,8
projects/index.html,50,html,e1432b79,auchung,2025-10-08,15:11:50,-07:00,2025-10-08T15:11:50-07:00,3,7
projects/index.html,51,html,e1432b79,auchung,2025-10-08,15:11:50,-07:00,2025-10-08T15:11:50-07:00,4,37
projects/index.html,52,html,e1432b79,auchung,2025-10-08,15:11:50,-07:00,2025-10-08T15:11:50-07:00,4,70
projects/index.html,53,html,e1432b79,auchung,2025-10-08,15:11:50,-07:00,2025-10-08T15:11:50-07:00,4,232
projects/index.html,54,html,e1432b79,auchung,2025-10-08,15:11:50,-07:00,2025-10-08T15:11:50-07:00,3,8
projects/index.html,55,html,e1432b79,auchung,2025-10-08,15:11:50,-07:00,2025-10-08T15:11:50-07:00,3,7
projects/index.html,56,html,e1432b79,auchung,2025-10-08,15:11:50,-07:00,2025-10-08T15:11:50-07:00,4,35
projects/index.html,57,html,e1432b79,auchung,2025-10-08,15:11:50,-07:00,2025-10-08T15:11:50-07:00,4,70
projects/index.html,58,html,e1432b79,auchung,2025-10-08,15:11:50,-07:00,2025-10-08T15:11:50-07:00,4,236
projects/index.html,59,html,e1432b79,auchung,2025-10-08,15:11:50,-07:00,2025-10-08T15:11:50-07:00,3,8
projects/index.html,60,html,e1432b79,auchung,2025-10-08,15:11:50,-07:00,2025-10-08T15:11:50-07:00,3,7
projects/index.html,61,html,e1432b79,auchung,2025-10-08,15:11:50,-07:00,2025-10-08T15:11:50-07:00,4,40
projects/index.html,62,html,e1432b79,auchung,2025-10-08,15:11:50,-07:00,2025-10-08T15:11:50-07:00,4,70
projects/index.html,63,html,e1432b79,auchung,2025-10-08,15:11:50,-07:00,2025-10-08T15:11:50-07:00,4,215
projects/index.html,64,html,e1432b79,auchung,2025-10-08,15:11:50,-07:00,2025-10-08T15:11:50-07:00,3,8
projects/index.html,65,html,e1432b79,auchung,2025-10-08,15:11:50,-07:00,2025-10-08T15:11:50-07:00,3,7
projects/index.html,66,html,e1432b79,auchung,2025-10-08,15:11:50,-07:00,2025-10-08T15:11:50-07:00,4,30
projects/index.html,67,html,e1432b79,auchung,2025-10-08,15:11:50,-07:00,2025-10-08T15:11:50-07:00,4,70
projects/index.html,68,html,e1432b79,auchung,2025-10-08,15:11:50,-07:00,2025-10-08T15:11:50-07:00,4,231
projects/index.html,69,html,e1432b79,auchung,2025-10-08,15:11:50,-07:00,2025-10-08T15:11:50-07:00,3,8
projects/index.html,70,html,e1432b79,auchung,2025-10-08,15:11:50,-07:00,2025-10-08T15:11:50-07:00,3,7
projects/index.html,71,html,e1432b79,auchung,2025-10-08,15:11:50,-07:00,2025-10-08T15:11:50-07:00,4,29
projects/index.html,72,html,e1432b79,auchung,2025-10-08,15:11:50,-07:00,2025-10-08T15:11:50-07:00,4,70
projects/index.html,73,html,e1432b79,auchung,2025-10-08,15:11:50,-07:00,2025-10-08T15:11:50-07:00,4,215
projects/index.html,74,html,e1432b79,auchung,2025-10-08,15:11:50,-07:00,2025-10-08T15:11:50-07:00,3,8
projects/index.html,75,html,e1432b79,auchung,2025-10-08,15:11:50,-07:00,2025-10-08T15:11:50-07:00,3,7
projects/index.html,76,html,e1432b79,auchung,2025-10-08,15:11:50,-07:00,2025-10-08T15:11:50-07:00,4,30
projects/index.html,77,html,e1432b79,auchung,2025-10-08,15:11:50,-07:00,2025-10-08T15:11:50-07:00,4,70
projects/index.html,78,html,e1432b79,auchung,2025-10-08,15:11:50,-07:00,2025-10-08T15:11:50-07:00,4,222
projects/index.html,79,html,e1432b79,auchung,2025-10-08,15:11:50,-07:00,2025-10-08T15:11:50-07:00,3,8
projects/index.html,80,html,e1432b79,auchung,2025-10-08,15:11:50,-07:00,2025-10-08T15:11:50-07:00,3,7
projects/index.html,81,html,e1432b79,auchung,2025-10-08,15:11:50,-07:00,2025-10-08T15:11:50-07:00,4,41
projects/index.html,82,html,e1432b79,auchung,2025-10-08,15:11:50,-07:00,2025-10-08T15:11:50-07:00,4,70
projects/index.html,83,html,e1432b79,auchung,2025-10-08,15:11:50,-07:00,2025-10-08T15:11:50-07:00,4,227
projects/index.html,84,html,e1432b79,auchung,2025-10-08,15:11:50,-07:00,2025-10-08T15:11:50-07:00,3,8
projects/index.html,85,html,96fd37a8,auchung,2025-10-18,19:43:11,-07:00,2025-10-18T19:43:11-07:00,2,1
projects/index.html,86,html,e1432b79,auchung,2025-10-08,15:11:50,-07:00,2025-10-08T15:11:50-07:00,2,4
projects/index.html,87,html,96fd37a8,auchung,2025-10-18,19:43:11,-07:00,2025-10-18T19:43:11-07:00,2,48
projects/index.html,88,html,96fd37a8,auchung,2025-10-18,19:43:11,-07:00,2025-10-18T19:43:11-07:00,2,47
projects/index.html,89,html,cc7be866,auchung,2025-10-01,14:23:10,-07:00,2025-10-01T14:23:10-07:00,0,5
projects/index.html,90,html,cc7be866,auchung,2025-10-01,14:23:10,-07:00,2025-10-01T14:23:10-07:00,0,5
contact/index.html,1,html,8384587a,auchung,2025-10-01,14:16:36,-07:00,2025-10-01T14:16:36-07:00,0,13
contact/index.html,2,html,8384587a,auchung,2025-10-01,14:16:36,-07:00,2025-10-01T14:16:36-07:00,0,14
contact/index.html,3,html,8384587a,auchung,2025-10-01,14:16:36,-07:00,2025-10-01T14:16:36-07:00,0,4
contact/index.html,4,html,8384587a,auchung,2025-10-01,14:16:36,-07:00,2025-10-01T14:16:36-07:00,2,20
contact/index.html,5,html,8384587a,auchung,2025-10-01,14:16:36,-07:00,2025-10-01T14:16:36-07:00,2,68
contact/index.html,6,html,dbd3e691,auchung,2025-10-16,10:50:37,-07:00,2025-10-16T10:50:37-07:00,2,34
contact/index.html,7,html,dbf2ce87,auchung,2025-10-08,13:30:59,-07:00,2025-10-08T13:30:59-07:00,2,41
contact/index.html,8,html,3d126335,auchung,2025-10-08,13:16:46,-07:00,2025-10-08T13:16:46-07:00,0,5
contact/index.html,9,html,3d126335,auchung,2025-10-08,13:16:46,-07:00,2025-10-08T13:16:46-07:00,0,4
contact/index.html,10,html,49899ac5,auchung,2025-10-08,14:26:46,-07:00,2025-10-08T14:26:46-07:00,3,17
contact/index.html,11,html,8d69c196,auchung,2025-10-16,10:32:59,-07:00,2025-10-16T10:32:59-07:00,3,50
contact/index.html,12,html,8f4f548d,auchung,2025-10-08,15:35:25,-07:00,2025-10-08T15:35:25-07:00,4,35
contact/index.html,13,html,8f4f548d,auchung,2025-10-08,15:35:25,-07:00,2025-10-08T15:35:25-07:00,4,20
contact/index.html,14,html,8f4f548d,auchung,2025-10-08,15:35:25,-07:00,2025-10-08T15:35:25-07:00,4,32
contact/index.html,15,html,8f4f548d,auchung,2025-10-08,15:35:25,-07:00,2025-10-08T15:35:25-07:00,4,31
contact/index.html,16,html,a1b77e4f,auchung,2025-10-09,13:05:06,-07:00,2025-10-09T13:05:06-07:00,4,19
contact/index.html,17,html,8384587a,auchung,2025-10-01,14:16:36,-07:00,2025-10-01T14:16:36-07:00,2,5
contact/index.html,18,html,c8c5db60,auchung,2025-10-13,14:44:04,-07:00,2025-10-13T14:44:04-07:00,2,48
contact/index.html,19,html,8384587a,auchung,2025-10-01,14:16:36,-07:00,2025-10-01T14:16:36-07:00,0,5
contact/index.html,20,html,8384587a,auchung,2025-10-01,14:16:36,-07:00,2025-10-01T14:16:36-07:00,0,5
